"FIPS","state","county","rural_urban_code","urban_influence_code"
"01001","AL","Autauga",2,2
"01003","AL","Baldwin",4,5
"01005","AL","Barbour",6,6
"01007","AL","Bibb",1,1
"01009","AL","Blount",1,1
"01011","AL","Bullock",6,6
"01013","AL","Butler",6,6
"01015","AL","Calhoun",3,2
"01017","AL","Chambers",6,5
"01019","AL","Cherokee",8,6
"01021","AL","Chilton",1,1
"01023","AL","Choctaw",9,10
"01025","AL","Clarke",7,11
"01027","AL","Clay",9,10
"01029","AL","Cleburne",8,4
"01031","AL","Coffee",6,5
"01033","AL","Colbert",3,2
"01035","AL","Conecuh",9,11
"01037","AL","Coosa",8,7
"01039","AL","Covington",7,9
"01041","AL","Crenshaw",8,6
"01043","AL","Cullman",6,3
"01045","AL","Dale",4,5
"01047","AL","Dallas",4,5
"01049","AL","DeKalb",6,6
"01051","AL","Elmore",2,2
"01053","AL","Escambia",6,6
"01055","AL","Etowah",3,2
"01057","AL","Fayette",6,6
"01059","AL","Franklin",6,6
"01061","AL","Geneva",3,2
"01063","AL","Greene",3,2
"01065","AL","Hale",3,2
"01067","AL","Henry",3,2
"01069","AL","Houston",3,2
"01071","AL","Jackson",6,5
"01073","AL","Jefferson",1,1
"01075","AL","Lamar",9,10
"01077","AL","Lauderdale",3,2
"01079","AL","Lawrence",3,2
"01081","AL","Lee",3,2
"01083","AL","Limestone",2,2
"01085","AL","Lowndes",2,2
"01087","AL","Macon",6,5
"01089","AL","Madison",2,2
"01091","AL","Marengo",7,11
"01093","AL","Marion",8,4
"01095","AL","Marshall",4,5
"01097","AL","Mobile",2,2
"01099","AL","Monroe",7,11
"01101","AL","Montgomery",2,2
"01103","AL","Morgan",3,2
"01105","AL","Perry",8,6
"01107","AL","Pickens",8,6
"01109","AL","Pike",6,5
"01111","AL","Randolph",6,4
"01113","AL","Russell",2,2
"01115","AL","St. Clair",1,1
"01117","AL","Shelby",1,1
"01119","AL","Sumter",8,6
"01121","AL","Talladega",4,5
"01123","AL","Tallapoosa",6,6
"01125","AL","Tuscaloosa",3,2
"01127","AL","Walker",1,1
"01129","AL","Washington",8,7
"01131","AL","Wilcox",8,7
"01133","AL","Winston",6,4
"02013","AK","Aleutians East ",9,12
"02016","AK","Aleutians West Cens",7,11
"02020","AK","Anchorage ",2,2
"02050","AK","Bethel Cens",7,11
"02060","AK","Bristol Bay ",9,12
"02068","AK","Denali ",8,7
"02070","AK","Dillingham Cens",9,12
"02090","AK","Fairbanks North Star ",3,2
"02100","AK","Haines ",9,10
"02105","AK","Hoonah-Angoon Cens",NA,NA
"02110","AK","Juneau ",5,8
"02122","AK","Kenai Peninsula ",7,11
"02130","AK","Ketchikan Gateway ",7,8
"02150","AK","Kodiak Island ",7,8
"02158","AK","Kusilvak Cens",9,12
"02164","AK","Lake and Peninsula ",9,12
"02170","AK","Matanuska-Susitna ",2,2
"02180","AK","Nome Cens",7,11
"02185","AK","North Slope ",7,11
"02188","AK","Northwest Arctic ",7,11
"02195","AK","Petersburg ",NA,NA
"02198","AK","Prince of Wales-Hyder Cens",NA,NA
"02220","AK","Sitka ",7,11
"02230","AK","Skagway Munic",NA,NA
"02240","AK","Southeast Fairbanks Cens",8,7
"02261","AK","Valdez-Cordova Cens",9,11
"02275","AK","Wrangell City and ",NA,NA
"02282","AK","Yakutat ",9,12
"02290","AK","Yukon-Koyukuk Cens",8,7
"04001","AZ","Apache",6,6
"04003","AZ","Cochise",4,5
"04005","AZ","Coconino",3,2
"04007","AZ","Gila",4,3
"04009","AZ","Graham",6,8
"04011","AZ","Greenlee",7,8
"04012","AZ","La Paz",6,4
"04013","AZ","Maricopa",1,1
"04015","AZ","Mohave",4,3
"04017","AZ","Navajo",4,6
"04019","AZ","Pima",2,2
"04021","AZ","Pinal",1,1
"04023","AZ","Santa Cruz",4,5
"04025","AZ","Yavapai",3,2
"04027","AZ","Yuma",3,2
"05001","AR","Arkansas",6,6
"05003","AR","Ashley",7,11
"05005","AR","Baxter",7,8
"05007","AR","Benton",2,2
"05009","AR","Boone",7,8
"05011","AR","Bradley",6,6
"05013","AR","Calhoun",9,8
"05015","AR","Carroll",6,6
"05017","AR","Chicot",7,9
"05019","AR","Clark",7,8
"05021","AR","Clay",7,9
"05023","AR","Cleburne",6,6
"05025","AR","Cleveland",3,2
"05027","AR","Columbia",7,8
"05029","AR","Conway",6,6
"05031","AR","Craighead",3,2
"05033","AR","Crawford",2,2
"05035","AR","Crittenden",1,1
"05037","AR","Cross",6,4
"05039","AR","Dallas",6,6
"05041","AR","Desha",6,6
"05043","AR","Drew",7,11
"05045","AR","Faulkner",2,2
"05047","AR","Franklin",2,2
"05049","AR","Fulton",9,9
"05051","AR","Garland",3,2
"05053","AR","Grant",2,2
"05055","AR","Greene",6,5
"05057","AR","Hempstead",6,5
"05059","AR","Hot Spring",6,6
"05061","AR","Howard",7,9
"05063","AR","Independence",7,8
"05065","AR","Izard",9,10
"05067","AR","Jackson",6,6
"05069","AR","Jefferson",3,2
"05071","AR","Johnson",6,6
"05073","AR","Lafayette",8,7
"05075","AR","Lawrence",6,6
"05077","AR","Lee",6,4
"05079","AR","Lincoln",3,2
"05081","AR","Little River",6,6
"05083","AR","Logan",6,6
"05085","AR","Lonoke",2,2
"05087","AR","Madison",2,2
"05089","AR","Marion",9,10
"05091","AR","Miller",3,2
"05093","AR","Mississippi",4,5
"05095","AR","Monroe",7,9
"05097","AR","Montgomery",8,7
"05099","AR","Nevada",7,8
"05101","AR","Newton",9,8
"05103","AR","Ouachita",7,8
"05105","AR","Perry",2,2
"05107","AR","Phillips",7,8
"05109","AR","Pike",9,10
"05111","AR","Poinsett",3,2
"05113","AR","Polk",7,11
"05115","AR","Pope",5,8
"05117","AR","Prairie",8,7
"05119","AR","Pulaski",2,2
"05121","AR","Randolph",7,11
"05123","AR","St. Francis",6,3
"05125","AR","Saline",2,2
"05127","AR","Scott",6,6
"05129","AR","Searcy",9,10
"05131","AR","Sebastian",2,2
"05133","AR","Sevier",7,11
"05135","AR","Sharp",7,9
"05137","AR","Stone",9,9
"05139","AR","Union",5,8
"05141","AR","Van Buren",8,7
"05143","AR","Washington",2,2
"05145","AR","White",4,5
"05147","AR","Woodruff",9,9
"05149","AR","Yell",6,5
"06001","CA","Alameda",1,1
"06003","CA","Alpine",8,4
"06005","CA","Amador",6,4
"06007","CA","Butte",3,2
"06009","CA","Calaveras",6,6
"06011","CA","Colusa",6,4
"06013","CA","Contra Costa",1,1
"06015","CA","Del Norte",7,8
"06017","CA","El Dorado",1,1
"06019","CA","Fresno",2,2
"06021","CA","Glenn",6,6
"06023","CA","Humboldt",5,8
"06025","CA","Imperial",3,2
"06027","CA","Inyo",7,8
"06029","CA","Kern",2,2
"06031","CA","Kings",3,2
"06033","CA","Lake",4,5
"06035","CA","Lassen",6,6
"06037","CA","Los Angeles",1,1
"06039","CA","Madera",3,2
"06041","CA","Marin",1,1
"06043","CA","Mariposa",8,7
"06045","CA","Mendocino",4,5
"06047","CA","Merced",3,2
"06049","CA","Modoc",6,6
"06051","CA","Mono",7,9
"06053","CA","Monterey",2,2
"06055","CA","Napa",3,2
"06057","CA","Nevada",4,3
"06059","CA","Orange",1,1
"06061","CA","Placer",1,1
"06063","CA","Plumas",7,12
"06065","CA","Riverside",1,1
"06067","CA","Sacramento",1,1
"06069","CA","San Benito",1,1
"06071","CA","San Bernardino",1,1
"06073","CA","San Diego",1,1
"06075","CA","San Francisco",1,1
"06077","CA","San Joaquin",2,2
"06079","CA","San Luis Obispo",3,2
"06081","CA","San Mateo",1,1
"06083","CA","Santa Barbara",2,2
"06085","CA","Santa Clara",1,1
"06087","CA","Santa Cruz",2,2
"06089","CA","Shasta",3,2
"06091","CA","Sierra",8,7
"06093","CA","Siskiyou",7,11
"06095","CA","Solano",2,2
"06097","CA","Sonoma",2,2
"06099","CA","Stanislaus",2,2
"06101","CA","Sutter",3,2
"06103","CA","Tehama",4,5
"06105","CA","Trinity",8,6
"06107","CA","Tulare",2,2
"06109","CA","Tuolumne",4,5
"06111","CA","Ventura",2,2
"06113","CA","Yolo",1,1
"06115","CA","Yuba",3,2
"08001","CO","Adams",1,1
"08003","CO","Alamosa",7,11
"08005","CO","Arapahoe",1,1
"08007","CO","Archuleta",7,10
"08009","CO","Baca",9,12
"08011","CO","Bent",7,11
"08013","CO","Boulder",2,2
"08014","CO","Broomfield",1,1
"08015","CO","Chaffee",7,11
"08017","CO","Cheyenne",9,12
"08019","CO","Clear Creek",1,1
"08021","CO","Conejos",9,12
"08023","CO","Costilla",9,12
"08025","CO","Crowley",8,7
"08027","CO","Custer",8,7
"08029","CO","Delta",6,6
"08031","CO","Denver",1,1
"08033","CO","Dolores",9,10
"08035","CO","Douglas",1,1
"08037","CO","Eagle",5,8
"08039","CO","Elbert",1,1
"08041","CO","El Paso",2,2
"08043","CO","Fremont",4,5
"08045","CO","Garfield",5,9
"08047","CO","Gilpin",1,1
"08049","CO","Grand",8,4
"08051","CO","Gunnison",7,11
"08053","CO","Hinsdale",9,12
"08055","CO","Huerfano",6,6
"08057","CO","Jackson",9,12
"08059","CO","Jefferson",1,1
"08061","CO","Kiowa",9,12
"08063","CO","Kit Carson",7,11
"08065","CO","Lake",7,8
"08067","CO","La Plata",6,5
"08069","CO","Larimer",2,2
"08071","CO","Las Animas",7,11
"08073","CO","Lincoln",8,4
"08075","CO","Logan",7,8
"08077","CO","Mesa",3,2
"08079","CO","Mineral",9,12
"08081","CO","Moffat",7,11
"08083","CO","Montezuma",6,6
"08085","CO","Montrose",7,8
"08087","CO","Morgan",6,3
"08089","CO","Otero",6,6
"08091","CO","Ouray",9,10
"08093","CO","Park",1,1
"08095","CO","Phillips",9,10
"08097","CO","Pitkin",7,9
"08099","CO","Prowers",7,11
"08101","CO","Pueblo",3,2
"08103","CO","Rio Blanco",9,12
"08105","CO","Rio Grande",7,11
"08107","CO","Routt",7,11
"08109","CO","Saguache",9,12
"08111","CO","San Juan",9,10
"08113","CO","San Miguel",9,12
"08115","CO","Sedgwick",9,10
"08117","CO","Summit",7,8
"08119","CO","Teller",2,2
"08121","CO","Washington",9,10
"08123","CO","Weld",3,2
"08125","CO","Yuma",7,11
"09001","CT","Fairfield",2,2
"09003","CT","Hartford",1,1
"09005","CT","Litchfield",4,5
"09007","CT","Middlesex",1,1
"09009","CT","New Haven",2,2
"09011","CT","New London",2,2
"09013","CT","Tolland",1,1
"09015","CT","Windham",4,5
"10001","DE","Kent",3,2
"10003","DE","New Castle",1,1
"10005","DE","Sussex",4,5
"12001","FL","Alachua",3,2
"12003","FL","Baker",1,1
"12005","FL","Bay",3,2
"12007","FL","Bradford",6,6
"12009","FL","Brevard",2,2
"12011","FL","Broward",1,1
"12013","FL","Calhoun",6,7
"12015","FL","Charlotte",3,2
"12017","FL","Citrus",4,5
"12019","FL","Clay",1,1
"12021","FL","Collier",2,2
"12023","FL","Columbia",6,5
"12027","FL","DeSoto",6,5
"12029","FL","Dixie",6,7
"12031","FL","Duval",1,1
"12033","FL","Escambia",2,2
"12035","FL","Flagler",4,5
"12037","FL","Franklin",6,7
"12039","FL","Gadsden",2,2
"12041","FL","Gilchrist",3,2
"12043","FL","Glades",6,4
"12045","FL","Gulf",6,6
"12047","FL","Hamilton",6,7
"12049","FL","Hardee",6,5
"12051","FL","Hendry",4,5
"12053","FL","Hernando",1,1
"12055","FL","Highlands",4,5
"12057","FL","Hillsborough",1,1
"12059","FL","Holmes",6,6
"12061","FL","Indian River",3,2
"12063","FL","Jackson",6,6
"12065","FL","Jefferson",2,2
"12067","FL","Lafayette",8,7
"12069","FL","Lake",1,1
"12071","FL","Lee",2,2
"12073","FL","Leon",2,2
"12075","FL","Levy",8,7
"12077","FL","Liberty",8,7
"12079","FL","Madison",6,6
"12081","FL","Manatee",2,2
"12083","FL","Marion",2,2
"12085","FL","Martin",2,2
"12086","FL","Miami-Dade",1,1
"12087","FL","Monroe",4,3
"12089","FL","Nassau",1,1
"12091","FL","Okaloosa",3,2
"12093","FL","Okeechobee",4,5
"12095","FL","Orange",1,1
"12097","FL","Osceola",1,1
"12099","FL","Palm Beach",1,1
"12101","FL","Pasco",1,1
"12103","FL","Pinellas",1,1
"12105","FL","Polk",2,2
"12107","FL","Putnam",4,3
"12109","FL","St. Johns",1,1
"12111","FL","St. Lucie",2,2
"12113","FL","Santa Rosa",2,2
"12115","FL","Sarasota",2,2
"12117","FL","Seminole",1,1
"12119","FL","Sumter",4,3
"12121","FL","Suwannee",6,6
"12123","FL","Taylor",6,6
"12125","FL","Union",6,7
"12127","FL","Volusia",2,2
"12129","FL","Wakulla",2,2
"12131","FL","Walton",6,6
"12133","FL","Washington",6,6
"13001","GA","Appling",7,9
"13003","GA","Atkinson",9,8
"13005","GA","Bacon",7,9
"13007","GA","Baker",3,2
"13009","GA","Baldwin",4,5
"13011","GA","Banks",8,7
"13013","GA","Barrow",1,1
"13015","GA","Bartow",1,1
"13017","GA","Ben Hill",7,8
"13019","GA","Berrien",6,6
"13021","GA","Bibb",3,2
"13023","GA","Bleckley",6,6
"13025","GA","Brantley",3,2
"13027","GA","Brooks",3,2
"13029","GA","Bryan",2,2
"13031","GA","Bulloch",4,5
"13033","GA","Burke",2,2
"13035","GA","Butts",1,1
"13037","GA","Calhoun",8,7
"13039","GA","Camden",4,3
"13043","GA","Candler",7,9
"13045","GA","Carroll",1,1
"13047","GA","Catoosa",2,2
"13049","GA","Charlton",6,4
"13051","GA","Chatham",2,2
"13053","GA","Chattahoochee",2,2
"13055","GA","Chattooga",6,5
"13057","GA","Cherokee",1,1
"13059","GA","Clarke",3,2
"13061","GA","Clay",9,12
"13063","GA","Clayton",1,1
"13065","GA","Clinch",6,6
"13067","GA","Cobb",1,1
"13069","GA","Coffee",7,8
"13071","GA","Colquitt",6,5
"13073","GA","Columbia",2,2
"13075","GA","Cook",6,6
"13077","GA","Coweta",1,1
"13079","GA","Crawford",3,2
"13081","GA","Crisp",6,5
"13083","GA","Dade",2,2
"13085","GA","Dawson",1,1
"13087","GA","Decatur",6,5
"13089","GA","DeKalb",1,1
"13091","GA","Dodge",7,9
"13093","GA","Dooly",6,6
"13095","GA","Dougherty",3,2
"13097","GA","Douglas",1,1
"13099","GA","Early",6,6
"13101","GA","Echols",3,2
"13103","GA","Effingham",2,2
"13105","GA","Elbert",6,6
"13107","GA","Emanuel",7,9
"13109","GA","Evans",6,7
"13111","GA","Fannin",8,4
"13113","GA","Fayette",1,1
"13115","GA","Floyd",3,2
"13117","GA","Forsyth",1,1
"13119","GA","Franklin",8,7
"13121","GA","Fulton",1,1
"13123","GA","Gilmer",6,4
"13125","GA","Glascock",9,12
"13127","GA","Glynn",3,2
"13129","GA","Gordon",6,5
"13131","GA","Grady",6,6
"13133","GA","Greene",6,6
"13135","GA","Gwinnett",1,1
"13137","GA","Habersham",6,5
"13139","GA","Hall",3,2
"13141","GA","Hancock",7,8
"13143","GA","Haralson",1,1
"13145","GA","Harris",2,2
"13147","GA","Hart",6,6
"13149","GA","Heard",1,1
"13151","GA","Henry",1,1
"13153","GA","Houston",3,2
"13155","GA","Irwin",7,8
"13157","GA","Jackson",6,6
"13159","GA","Jasper",1,1
"13161","GA","Jeff Davis",7,9
"13163","GA","Jefferson",6,6
"13165","GA","Jenkins",6,6
"13167","GA","Johnson",9,8
"13169","GA","Jones",3,2
"13171","GA","Lamar",1,1
"13173","GA","Lanier",3,2
"13175","GA","Laurens",6,5
"13177","GA","Lee",3,2
"13179","GA","Liberty",3,2
"13181","GA","Lincoln",8,7
"13183","GA","Long",3,2
"13185","GA","Lowndes",3,2
"13187","GA","Lumpkin",6,4
"13189","GA","McDuffie",2,2
"13191","GA","McIntosh",3,2
"13193","GA","Macon",6,6
"13195","GA","Madison",3,2
"13197","GA","Marion",2,2
"13199","GA","Meriwether",1,1
"13201","GA","Miller",8,7
"13205","GA","Mitchell",6,6
"13207","GA","Monroe",3,2
"13209","GA","Montgomery",9,11
"13211","GA","Morgan",6,4
"13213","GA","Murray",3,2
"13215","GA","Muscogee",2,2
"13217","GA","Newton",1,1
"13219","GA","Oconee",3,2
"13221","GA","Oglethorpe",3,2
"13223","GA","Paulding",1,1
"13225","GA","Peach",6,5
"13227","GA","Pickens",1,1
"13229","GA","Pierce",6,5
"13231","GA","Pike",1,1
"13233","GA","Polk",6,3
"13235","GA","Pulaski",6,6
"13237","GA","Putnam",6,4
"13239","GA","Quitman",9,12
"13241","GA","Rabun",9,10
"13243","GA","Randolph",6,6
"13245","GA","Richmond",2,2
"13247","GA","Rockdale",1,1
"13249","GA","Schley",8,5
"13251","GA","Screven",6,6
"13253","GA","Seminole",6,6
"13255","GA","Spalding",1,1
"13257","GA","Stephens",7,8
"13259","GA","Stewart",8,7
"13261","GA","Sumter",6,5
"13263","GA","Talbot",8,6
"13265","GA","Taliaferro",8,7
"13267","GA","Tattnall",6,6
"13269","GA","Taylor",8,7
"13271","GA","Telfair",7,9
"13273","GA","Terrell",3,2
"13275","GA","Thomas",4,5
"13277","GA","Tift",4,5
"13279","GA","Toombs",7,11
"13281","GA","Towns",9,12
"13283","GA","Treutlen",7,9
"13285","GA","Troup",4,3
"13287","GA","Turner",6,6
"13289","GA","Twiggs",3,2
"13291","GA","Union",9,12
"13293","GA","Upson",6,3
"13295","GA","Walker",2,2
"13297","GA","Walton",1,1
"13299","GA","Ware",4,8
"13301","GA","Warren",8,7
"13303","GA","Washington",7,9
"13305","GA","Wayne",6,5
"13307","GA","Webster",8,7
"13309","GA","Wheeler",9,10
"13311","GA","White",8,7
"13313","GA","Whitfield",3,2
"13315","GA","Wilcox",9,10
"13317","GA","Wilkes",6,6
"13319","GA","Wilkinson",8,7
"13321","GA","Worth",3,2
"15001","HI","Hawaii",5,8
"15003","HI","Honolulu",2,2
"15007","HI","Kauai",5,8
"15009","HI","Maui",5,8
"16001","ID","Ada",2,2
"16003","ID","Adams",8,7
"16005","ID","Bannock",3,2
"16007","ID","Bear Lake",7,11
"16009","ID","Benewah",6,6
"16011","ID","Bingham",6,5
"16013","ID","Blaine",7,11
"16015","ID","Boise",2,2
"16017","ID","Bonner",6,6
"16019","ID","Bonneville",3,2
"16021","ID","Boundary",7,11
"16023","ID","Butte",8,7
"16025","ID","Camas",9,12
"16027","ID","Canyon",2,2
"16029","ID","Caribou",6,6
"16031","ID","Cassia",7,8
"16033","ID","Clark",8,7
"16035","ID","Clearwater",6,6
"16037","ID","Custer",9,12
"16039","ID","Elmore",4,5
"16041","ID","Franklin",3,2
"16043","ID","Fremont",6,5
"16045","ID","Gem",2,2
"16047","ID","Gooding",7,9
"16049","ID","Idaho",6,6
"16051","ID","Jefferson",3,2
"16053","ID","Jerome",7,8
"16055","ID","Kootenai",3,2
"16057","ID","Latah",4,5
"16059","ID","Lemhi",7,11
"16061","ID","Lewis",8,7
"16063","ID","Lincoln",9,10
"16065","ID","Madison",6,5
"16067","ID","Minidoka",7,8
"16069","ID","Nez Perce",3,2
"16071","ID","Oneida",8,7
"16073","ID","Owyhee",2,2
"16075","ID","Payette",6,5
"16077","ID","Power",3,2
"16079","ID","Shoshone",6,7
"16081","ID","Teton",9,8
"16083","ID","Twin Falls",5,8
"16085","ID","Valley",8,7
"16087","ID","Washington",6,6
"17001","IL","Adams",5,8
"17003","IL","Alexander",7,8
"17005","IL","Bond",1,1
"17007","IL","Boone",2,2
"17009","IL","Brown",7,10
"17011","IL","Bureau",6,5
"17013","IL","Calhoun",1,1
"17015","IL","Carroll",7,9
"17017","IL","Cass",6,6
"17019","IL","Champaign",3,2
"17021","IL","Christian",6,5
"17023","IL","Clark",6,6
"17025","IL","Clay",7,9
"17027","IL","Clinton",1,1
"17029","IL","Coles",5,8
"17031","IL","Cook",1,1
"17033","IL","Crawford",6,6
"17035","IL","Cumberland",9,8
"17037","IL","DeKalb",1,1
"17039","IL","De Witt",6,6
"17041","IL","Douglas",6,6
"17043","IL","DuPage",1,1
"17045","IL","Edgar",6,6
"17047","IL","Edwards",9,12
"17049","IL","Effingham",7,8
"17051","IL","Fayette",6,4
"17053","IL","Ford",3,2
"17055","IL","Franklin",5,9
"17057","IL","Fulton",6,5
"17059","IL","Gallatin",8,7
"17061","IL","Greene",6,4
"17063","IL","Grundy",1,1
"17065","IL","Hamilton",7,8
"17067","IL","Hancock",7,9
"17069","IL","Hardin",9,10
"17071","IL","Henderson",9,8
"17073","IL","Henry",2,2
"17075","IL","Iroquois",6,6
"17077","IL","Jackson",5,8
"17079","IL","Jasper",7,9
"17081","IL","Jefferson",7,8
"17083","IL","Jersey",1,1
"17085","IL","Jo Daviess",6,6
"17087","IL","Johnson",7,10
"17089","IL","Kane",1,1
"17091","IL","Kankakee",3,2
"17093","IL","Kendall",1,1
"17095","IL","Knox",4,5
"17097","IL","Lake",1,1
"17099","IL","La Salle",4,3
"17101","IL","Lawrence",7,9
"17103","IL","Lee",4,3
"17105","IL","Livingston",4,5
"17107","IL","Logan",6,5
"17109","IL","McDonough",5,8
"17111","IL","McHenry",1,1
"17113","IL","McLean",3,2
"17115","IL","Macon",3,2
"17117","IL","Macoupin",1,1
"17119","IL","Madison",1,1
"17121","IL","Marion",4,3
"17123","IL","Marshall",2,2
"17125","IL","Mason",6,6
"17127","IL","Massac",7,8
"17129","IL","Menard",3,2
"17131","IL","Mercer",2,2
"17133","IL","Monroe",1,1
"17135","IL","Montgomery",6,6
"17137","IL","Morgan",4,5
"17139","IL","Moultrie",6,6
"17141","IL","Ogle",4,5
"17143","IL","Peoria",2,2
"17145","IL","Perry",7,9
"17147","IL","Piatt",3,2
"17149","IL","Pike",7,9
"17151","IL","Pope",9,10
"17153","IL","Pulaski",9,10
"17155","IL","Putnam",8,5
"17157","IL","Randolph",6,4
"17159","IL","Richland",7,11
"17161","IL","Rock Island",2,2
"17163","IL","St. Clair",1,1
"17165","IL","Saline",7,8
"17167","IL","Sangamon",3,2
"17169","IL","Schuyler",7,9
"17171","IL","Scott",9,8
"17173","IL","Shelby",6,6
"17175","IL","Stark",2,2
"17177","IL","Stephenson",4,5
"17179","IL","Tazewell",2,2
"17181","IL","Union",7,9
"17183","IL","Vermilion",3,2
"17185","IL","Wabash",6,6
"17187","IL","Warren",7,8
"17189","IL","Washington",6,4
"17191","IL","Wayne",7,9
"17193","IL","White",6,6
"17195","IL","Whiteside",4,5
"17197","IL","Will",1,1
"17199","IL","Williamson",5,8
"17201","IL","Winnebago",2,2
"17203","IL","Woodford",2,2
"18001","IN","Adams",6,5
"18003","IN","Allen",2,2
"18005","IN","Bartholomew",3,2
"18007","IN","Benton",3,2
"18009","IN","Blackford",6,6
"18011","IN","Boone",1,1
"18013","IN","Brown",1,1
"18015","IN","Carroll",3,2
"18017","IN","Cass",4,5
"18019","IN","Clark",1,1
"18021","IN","Clay",3,2
"18023","IN","Clinton",6,5
"18025","IN","Crawford",8,4
"18027","IN","Daviess",7,8
"18029","IN","Dearborn",1,1
"18031","IN","Decatur",6,3
"18033","IN","De Kalb",4,5
"18035","IN","Delaware",3,2
"18037","IN","Dubois",7,8
"18039","IN","Elkhart",3,2
"18041","IN","Fayette",7,8
"18043","IN","Floyd",1,1
"18045","IN","Fountain",6,6
"18047","IN","Franklin",1,1
"18049","IN","Fulton",7,9
"18051","IN","Gibson",2,2
"18053","IN","Grant",4,5
"18055","IN","Greene",3,2
"18057","IN","Hamilton",1,1
"18059","IN","Hancock",1,1
"18061","IN","Harrison",1,1
"18063","IN","Hendricks",1,1
"18065","IN","Henry",4,3
"18067","IN","Howard",3,2
"18069","IN","Huntington",6,5
"18071","IN","Jackson",4,5
"18073","IN","Jasper",1,1
"18075","IN","Jay",6,6
"18077","IN","Jefferson",6,3
"18079","IN","Jennings",6,5
"18081","IN","Johnson",1,1
"18083","IN","Knox",4,5
"18085","IN","Kosciusko",4,5
"18087","IN","Lagrange",6,6
"18089","IN","Lake",1,1
"18091","IN","La Porte",3,2
"18093","IN","Lawrence",4,5
"18095","IN","Madison",3,2
"18097","IN","Marion",1,1
"18099","IN","Marshall",6,5
"18101","IN","Martin",6,6
"18103","IN","Miami",6,5
"18105","IN","Monroe",3,2
"18107","IN","Montgomery",6,3
"18109","IN","Morgan",1,1
"18111","IN","Newton",1,1
"18113","IN","Noble",6,5
"18115","IN","Ohio",1,1
"18117","IN","Orange",6,4
"18119","IN","Owen",3,2
"18121","IN","Parke",6,6
"18123","IN","Perry",6,9
"18125","IN","Pike",6,5
"18127","IN","Porter",1,1
"18129","IN","Posey",2,2
"18131","IN","Pulaski",6,4
"18133","IN","Putnam",1,1
"18135","IN","Randolph",6,6
"18137","IN","Ripley",6,4
"18139","IN","Rush",6,4
"18141","IN","St. Joseph",2,2
"18143","IN","Scott",6,3
"18145","IN","Shelby",1,1
"18147","IN","Spencer",8,7
"18149","IN","Starke",6,6
"18151","IN","Steuben",7,8
"18153","IN","Sullivan",3,2
"18155","IN","Switzerland",8,4
"18157","IN","Tippecanoe",3,2
"18159","IN","Tipton",3,2
"18161","IN","Union",8,4
"18163","IN","Vanderburgh",2,2
"18165","IN","Vermillion",3,2
"18167","IN","Vigo",3,2
"18169","IN","Wabash",6,5
"18171","IN","Warren",8,7
"18173","IN","Warrick",2,2
"18175","IN","Washington",1,1
"18177","IN","Wayne",5,8
"18179","IN","Wells",2,2
"18181","IN","White",6,6
"18183","IN","Whitley",2,2
"19001","IA","Adair",8,7
"19003","IA","Adams",9,12
"19005","IA","Allamakee",6,6
"19007","IA","Appanoose",7,9
"19009","IA","Audubon",8,7
"19011","IA","Benton",3,2
"19013","IA","Black Hawk",3,2
"19015","IA","Boone",6,5
"19017","IA","Bremer",3,2
"19019","IA","Buchanan",6,6
"19021","IA","Buena Vista",7,8
"19023","IA","Butler",8,7
"19025","IA","Calhoun",9,10
"19027","IA","Carroll",7,11
"19029","IA","Cass",6,6
"19031","IA","Cedar",6,6
"19033","IA","Cerro Gordo",5,8
"19035","IA","Cherokee",6,6
"19037","IA","Chickasaw",6,6
"19039","IA","Clarke",6,6
"19041","IA","Clay",7,8
"19043","IA","Clayton",8,7
"19045","IA","Clinton",4,5
"19047","IA","Crawford",6,6
"19049","IA","Dallas",2,2
"19051","IA","Davis",9,9
"19053","IA","Decatur",9,12
"19055","IA","Delaware",6,6
"19057","IA","Des Moines",5,8
"19059","IA","Dickinson",7,8
"19061","IA","Dubuque",3,2
"19063","IA","Emmet",7,9
"19065","IA","Fayette",6,6
"19067","IA","Floyd",7,9
"19069","IA","Franklin",7,9
"19071","IA","Fremont",8,6
"19073","IA","Greene",6,6
"19075","IA","Grundy",3,2
"19077","IA","Guthrie",2,2
"19079","IA","Hamilton",6,6
"19081","IA","Hancock",7,9
"19083","IA","Hardin",6,6
"19085","IA","Harrison",2,2
"19087","IA","Henry",7,9
"19089","IA","Howard",7,11
"19091","IA","Humboldt",7,9
"19093","IA","Ida",8,7
"19095","IA","Iowa",8,6
"19097","IA","Jackson",6,6
"19099","IA","Jasper",6,5
"19101","IA","Jefferson",7,9
"19103","IA","Johnson",3,2
"19105","IA","Jones",3,2
"19107","IA","Keokuk",8,7
"19109","IA","Kossuth",7,11
"19111","IA","Lee",5,8
"19113","IA","Linn",3,2
"19115","IA","Louisa",8,5
"19117","IA","Lucas",6,6
"19119","IA","Lyon",8,6
"19121","IA","Madison",2,2
"19123","IA","Mahaska",7,8
"19125","IA","Marion",6,6
"19127","IA","Marshall",4,5
"19129","IA","Mills",2,2
"19131","IA","Mitchell",7,9
"19133","IA","Monona",6,6
"19135","IA","Monroe",7,9
"19137","IA","Montgomery",6,6
"19139","IA","Muscatine",4,5
"19141","IA","O'Brien",7,9
"19143","IA","Osceola",7,9
"19145","IA","Page",7,11
"19147","IA","Palo Alto",7,9
"19149","IA","Plymouth",6,6
"19151","IA","Pocahontas",9,10
"19153","IA","Polk",2,2
"19155","IA","Pottawattamie",2,2
"19157","IA","Poweshiek",7,9
"19159","IA","Ringgold",9,12
"19161","IA","Sac",9,10
"19163","IA","Scott",2,2
"19165","IA","Shelby",6,6
"19167","IA","Sioux",6,6
"19169","IA","Story",3,2
"19171","IA","Tama",6,6
"19173","IA","Taylor",9,10
"19175","IA","Union",6,6
"19177","IA","Van Buren",9,10
"19179","IA","Wapello",5,8
"19181","IA","Warren",2,2
"19183","IA","Washington",3,2
"19185","IA","Wayne",9,12
"19187","IA","Webster",5,8
"19189","IA","Winnebago",7,9
"19191","IA","Winneshiek",7,11
"19193","IA","Woodbury",3,2
"19195","IA","Worth",9,8
"19197","IA","Wright",7,9
"20001","KS","Allen",7,11
"20003","KS","Anderson",6,4
"20005","KS","Atchison",6,3
"20007","KS","Barber",9,12
"20009","KS","Barton",7,8
"20011","KS","Bourbon",6,4
"20013","KS","Brown",6,6
"20015","KS","Butler",2,2
"20017","KS","Chase",8,5
"20019","KS","Chautauqua",9,10
"20021","KS","Cherokee",6,6
"20023","KS","Cheyenne",9,12
"20025","KS","Clark",9,10
"20027","KS","Clay",7,9
"20029","KS","Cloud",7,9
"20031","KS","Coffey",6,4
"20033","KS","Comanche",9,12
"20035","KS","Cowley",4,5
"20037","KS","Crawford",4,5
"20039","KS","Decatur",9,12
"20041","KS","Dickinson",7,9
"20043","KS","Doniphan",3,2
"20045","KS","Douglas",3,2
"20047","KS","Edwards",9,10
"20049","KS","Elk",8,7
"20051","KS","Ellis",5,8
"20053","KS","Ellsworth",7,9
"20055","KS","Finney",5,8
"20057","KS","Ford",5,8
"20059","KS","Franklin",1,1
"20061","KS","Geary",5,8
"20063","KS","Gove",9,12
"20065","KS","Graham",9,12
"20067","KS","Grant",7,11
"20069","KS","Gray",9,10
"20071","KS","Greeley",9,12
"20073","KS","Greenwood",6,6
"20075","KS","Hamilton",9,12
"20077","KS","Harper",8,7
"20079","KS","Harvey",2,2
"20081","KS","Haskell",9,10
"20083","KS","Hodgeman",9,10
"20085","KS","Jackson",3,2
"20087","KS","Jefferson",3,2
"20089","KS","Jewell",9,12
"20091","KS","Johnson",1,1
"20093","KS","Kearny",9,10
"20095","KS","Kingman",6,6
"20097","KS","Kiowa",9,10
"20099","KS","Labette",7,8
"20101","KS","Lane",9,10
"20103","KS","Leavenworth",1,1
"20105","KS","Lincoln",9,10
"20107","KS","Linn",1,1
"20109","KS","Logan",9,12
"20111","KS","Lyon",5,8
"20113","KS","McPherson",6,5
"20115","KS","Marion",6,6
"20117","KS","Marshall",7,9
"20119","KS","Meade",9,10
"20121","KS","Miami",1,1
"20123","KS","Mitchell",7,11
"20125","KS","Montgomery",5,8
"20127","KS","Morris",9,9
"20129","KS","Morton",9,10
"20131","KS","Nemaha",8,6
"20133","KS","Neosho",7,9
"20135","KS","Ness",9,12
"20137","KS","Norton",7,11
"20139","KS","Osage",3,2
"20141","KS","Osborne",9,12
"20143","KS","Ottawa",9,8
"20145","KS","Pawnee",7,9
"20147","KS","Phillips",7,11
"20149","KS","Pottawatomie",6,5
"20151","KS","Pratt",7,11
"20153","KS","Rawlins",9,12
"20155","KS","Reno",4,5
"20157","KS","Republic",9,12
"20159","KS","Rice",7,9
"20161","KS","Riley",5,8
"20163","KS","Rooks",9,10
"20165","KS","Rush",9,10
"20167","KS","Russell",7,9
"20169","KS","Saline",5,8
"20171","KS","Scott",7,9
"20173","KS","Sedgwick",2,2
"20175","KS","Seward",7,8
"20177","KS","Shawnee",3,2
"20179","KS","Sheridan",9,12
"20181","KS","Sherman",7,11
"20183","KS","Smith",9,12
"20185","KS","Stafford",9,10
"20187","KS","Stanton",9,12
"20189","KS","Stevens",7,9
"20191","KS","Sumner",2,2
"20193","KS","Thomas",7,11
"20195","KS","Trego",9,10
"20197","KS","Wabaunsee",3,2
"20199","KS","Wallace",9,12
"20201","KS","Washington",9,10
"20203","KS","Wichita",9,12
"20205","KS","Wilson",7,9
"20207","KS","Woodson",9,12
"20209","KS","Wyandotte",1,1
"21001","KY","Adair",7,9
"21003","KY","Allen",6,6
"21005","KY","Anderson",6,5
"21007","KY","Ballard",9,8
"21009","KY","Barren",6,5
"21011","KY","Bath",8,5
"21013","KY","Bell",7,8
"21015","KY","Boone",1,1
"21017","KY","Bourbon",2,2
"21019","KY","Boyd",2,2
"21021","KY","Boyle",7,8
"21023","KY","Bracken",1,1
"21025","KY","Breathitt",7,12
"21027","KY","Breckinridge",8,7
"21029","KY","Bullitt",1,1
"21031","KY","Butler",8,6
"21033","KY","Caldwell",6,6
"21035","KY","Calloway",7,8
"21037","KY","Campbell",1,1
"21039","KY","Carlisle",9,10
"21041","KY","Carroll",6,4
"21043","KY","Carter",6,6
"21045","KY","Casey",9,10
"21047","KY","Christian",3,2
"21049","KY","Clark",2,2
"21051","KY","Clay",7,10
"21053","KY","Clinton",9,12
"21055","KY","Crittenden",6,6
"21057","KY","Cumberland",9,10
"21059","KY","Daviess",3,2
"21061","KY","Edmonson",3,2
"21063","KY","Elliott",9,12
"21065","KY","Estill",6,6
"21067","KY","Fayette",2,2
"21069","KY","Fleming",7,9
"21071","KY","Floyd",7,11
"21073","KY","Franklin",4,5
"21075","KY","Fulton",7,8
"21077","KY","Gallatin",1,1
"21079","KY","Garrard",6,6
"21081","KY","Grant",1,1
"21083","KY","Graves",7,8
"21085","KY","Grayson",6,6
"21087","KY","Green",8,7
"21089","KY","Greenup",2,2
"21091","KY","Hancock",3,2
"21093","KY","Hardin",3,2
"21095","KY","Harlan",7,9
"21097","KY","Harrison",6,6
"21099","KY","Hart",8,7
"21101","KY","Henderson",2,2
"21103","KY","Henry",1,1
"21105","KY","Hickman",9,10
"21107","KY","Hopkins",4,5
"21109","KY","Jackson",9,10
"21111","KY","Jefferson",1,1
"21113","KY","Jessamine",2,2
"21115","KY","Johnson",7,11
"21117","KY","Kenton",1,1
"21119","KY","Knott",9,12
"21121","KY","Knox",7,9
"21123","KY","Larue",3,2
"21125","KY","Laurel",7,8
"21127","KY","Lawrence",6,7
"21129","KY","Lee",9,12
"21131","KY","Leslie",9,12
"21133","KY","Letcher",9,12
"21135","KY","Lewis",8,5
"21137","KY","Lincoln",7,8
"21139","KY","Livingston",9,8
"21141","KY","Logan",6,6
"21143","KY","Lyon",8,7
"21145","KY","McCracken",5,8
"21147","KY","McCreary",9,10
"21149","KY","McLean",3,2
"21151","KY","Madison",4,5
"21153","KY","Magoffin",9,12
"21155","KY","Marion",6,4
"21157","KY","Marshall",7,9
"21159","KY","Martin",8,7
"21161","KY","Mason",6,3
"21163","KY","Meade",1,1
"21165","KY","Menifee",9,8
"21167","KY","Mercer",6,6
"21169","KY","Metcalfe",9,8
"21171","KY","Monroe",9,9
"21173","KY","Montgomery",6,5
"21175","KY","Morgan",7,9
"21177","KY","Muhlenberg",6,5
"21179","KY","Nelson",1,1
"21181","KY","Nicholas",8,7
"21183","KY","Ohio",6,6
"21185","KY","Oldham",1,1
"21187","KY","Owen",8,4
"21189","KY","Owsley",9,12
"21191","KY","Pendleton",1,1
"21193","KY","Perry",7,11
"21195","KY","Pike",7,11
"21197","KY","Powell",6,6
"21199","KY","Pulaski",5,8
"21201","KY","Robertson",8,4
"21203","KY","Rockcastle",7,8
"21205","KY","Rowan",7,9
"21207","KY","Russell",9,10
"21209","KY","Scott",2,2
"21211","KY","Shelby",1,1
"21213","KY","Simpson",6,6
"21215","KY","Spencer",1,1
"21217","KY","Taylor",7,8
"21219","KY","Todd",8,7
"21221","KY","Trigg",3,2
"21223","KY","Trimble",1,1
"21225","KY","Union",6,6
"21227","KY","Warren",3,2
"21229","KY","Washington",8,4
"21231","KY","Wayne",7,9
"21233","KY","Webster",2,2
"21235","KY","Whitley",7,8
"21237","KY","Wolfe",9,12
"21239","KY","Woodford",2,2
"22001","LA","Acadia",4,5
"22003","LA","Allen",6,6
"22005","LA","Ascension",2,2
"22007","LA","Assumption",6,5
"22009","LA","Avoyelles",6,6
"22011","LA","Beauregard",6,5
"22013","LA","Bienville",6,6
"22015","LA","Bossier",2,2
"22017","LA","Caddo",2,2
"22019","LA","Calcasieu",3,2
"22021","LA","Caldwell",8,7
"22023","LA","Cameron",3,2
"22025","LA","Catahoula",9,10
"22027","LA","Claiborne",7,9
"22029","LA","Concordia",7,8
"22031","LA","De Soto",2,2
"22033","LA","East Baton Rouge",2,2
"22035","LA","East Carroll",7,9
"22037","LA","East Feliciana",2,2
"22039","LA","Evangeline",6,6
"22041","LA","Franklin",7,11
"22043","LA","Grant",3,2
"22045","LA","Iberia",4,5
"22047","LA","Iberville",2,2
"22049","LA","Jackson",6,5
"22051","LA","Jefferson",1,1
"22053","LA","Jefferson Davis",6,5
"22055","LA","Lafayette",3,2
"22057","LA","Lafourche",3,2
"22059","LA","La Salle",6,6
"22061","LA","Lincoln",4,5
"22063","LA","Livingston",2,2
"22065","LA","Madison",7,8
"22067","LA","Morehouse",6,5
"22069","LA","Natchitoches",6,5
"22071","LA","Orleans",1,1
"22073","LA","Ouachita",3,2
"22075","LA","Plaquemines",1,1
"22077","LA","Pointe Coupee",2,2
"22079","LA","Rapides",3,2
"22081","LA","Red River",6,7
"22083","LA","Richland",6,6
"22085","LA","Sabine",6,6
"22087","LA","St. Bernard",1,1
"22089","LA","St. Charles",1,1
"22091","LA","St. Helena",2,2
"22093","LA","St. James",6,4
"22095","LA","St. John the Baptist",1,1
"22097","LA","St. Landry",4,5
"22099","LA","St. Martin",3,2
"22101","LA","St. Mary",4,5
"22103","LA","St. Tammany",1,1
"22105","LA","Tangipahoa",4,3
"22107","LA","Tensas",9,10
"22109","LA","Terrebonne",3,2
"22111","LA","Union",3,2
"22113","LA","Vermilion",4,5
"22115","LA","Vernon",4,5
"22117","LA","Washington",6,3
"22119","LA","Webster",6,5
"22121","LA","West Baton Rouge",2,2
"22123","LA","West Carroll",9,10
"22125","LA","West Feliciana",2,2
"22127","LA","Winn",6,6
"23001","ME","Androscoggin",3,2
"23003","ME","Aroostook",7,11
"23005","ME","Cumberland",2,2
"23007","ME","Franklin",6,6
"23009","ME","Hancock",6,6
"23011","ME","Kennebec",4,5
"23013","ME","Knox",7,8
"23015","ME","Lincoln",8,7
"23017","ME","Oxford",6,6
"23019","ME","Penobscot",3,2
"23021","ME","Piscataquis",8,6
"23023","ME","Sagadahoc",2,2
"23025","ME","Somerset",6,6
"23027","ME","Waldo",6,6
"23029","ME","Washington",7,11
"23031","ME","York",2,2
"24001","MD","Allegany",3,2
"24003","MD","Anne Arundel",1,1
"24005","MD","Baltimore",1,1
"24009","MD","Calvert",1,1
"24011","MD","Caroline",6,4
"24013","MD","Carroll",1,1
"24015","MD","Cecil",1,1
"24017","MD","Charles",1,1
"24019","MD","Dorchester",6,5
"24021","MD","Frederick",1,1
"24023","MD","Garrett",6,7
"24025","MD","Harford",1,1
"24027","MD","Howard",1,1
"24029","MD","Kent",6,4
"24031","MD","Montgomery",1,1
"24033","MD","Prince George's",1,1
"24035","MD","Queen Anne's",1,1
"24037","MD","St. Mary's",4,3
"24039","MD","Somerset",3,2
"24041","MD","Talbot",6,3
"24043","MD","Washington",3,2
"24045","MD","Wicomico",3,2
"24047","MD","Worcester",4,5
"24510","MD","Baltimo",1,1
"25001","MA","Barnstable",3,2
"25003","MA","Berkshire",3,2
"25005","MA","Bristol",1,1
"25007","MA","Dukes",7,12
"25009","MA","Essex",1,1
"25011","MA","Franklin",2,2
"25013","MA","Hampden",2,2
"25015","MA","Hampshire",2,2
"25017","MA","Middlesex",1,1
"25019","MA","Nantucket",7,11
"25021","MA","Norfolk",1,1
"25023","MA","Plymouth",1,1
"25025","MA","Suffolk",1,1
"25027","MA","Worcester",2,2
"26001","MI","Alcona",9,10
"26003","MI","Alger",9,9
"26005","MI","Allegan",4,5
"26007","MI","Alpena",7,8
"26009","MI","Antrim",9,10
"26011","MI","Arenac",8,7
"26013","MI","Baraga",9,10
"26015","MI","Barry",2,2
"26017","MI","Bay",3,2
"26019","MI","Benzie",9,8
"26021","MI","Berrien",3,2
"26023","MI","Branch",6,5
"26025","MI","Calhoun",3,2
"26027","MI","Cass",2,2
"26029","MI","Charlevoix",7,11
"26031","MI","Cheboygan",7,11
"26033","MI","Chippewa",5,8
"26035","MI","Clare",7,9
"26037","MI","Clinton",2,2
"26039","MI","Crawford",7,12
"26041","MI","Delta",5,8
"26043","MI","Dickinson",5,8
"26045","MI","Eaton",2,2
"26047","MI","Emmet",7,11
"26049","MI","Genesee",2,2
"26051","MI","Gladwin",6,6
"26053","MI","Gogebic",7,11
"26055","MI","Grand Traverse",5,8
"26057","MI","Gratiot",6,5
"26059","MI","Hillsdale",6,6
"26061","MI","Houghton",5,8
"26063","MI","Huron",7,11
"26065","MI","Ingham",2,2
"26067","MI","Ionia",2,2
"26069","MI","Iosco",7,11
"26071","MI","Iron",7,10
"26073","MI","Isabella",5,8
"26075","MI","Jackson",3,2
"26077","MI","Kalamazoo",2,2
"26079","MI","Kalkaska",7,8
"26081","MI","Kent",2,2
"26083","MI","Keweenaw",9,8
"26085","MI","Lake",8,7
"26087","MI","Lapeer",1,1
"26089","MI","Leelanau",9,8
"26091","MI","Lenawee",4,5
"26093","MI","Livingston",1,1
"26095","MI","Luce",7,9
"26097","MI","Mackinac",7,9
"26099","MI","Macomb",1,1
"26101","MI","Manistee",7,9
"26103","MI","Marquette",5,8
"26105","MI","Mason",7,11
"26107","MI","Mecosta",6,5
"26109","MI","Menominee",7,8
"26111","MI","Midland",4,5
"26113","MI","Missaukee",9,8
"26115","MI","Monroe",3,2
"26117","MI","Montcalm",6,6
"26119","MI","Montmorency",9,10
"26121","MI","Muskegon",3,2
"26123","MI","Newaygo",2,2
"26125","MI","Oakland",1,1
"26127","MI","Oceana",8,7
"26129","MI","Ogemaw",9,11
"26131","MI","Ontonagon",9,10
"26133","MI","Osceola",7,10
"26135","MI","Oscoda",9,12
"26137","MI","Otsego",7,11
"26139","MI","Ottawa",3,2
"26141","MI","Presque Isle",7,9
"26143","MI","Roscommon",7,11
"26145","MI","Saginaw",3,2
"26147","MI","St. Clair",1,1
"26149","MI","St. Joseph",4,5
"26151","MI","Sanilac",6,4
"26153","MI","Schoolcraft",7,9
"26155","MI","Shiawassee",4,5
"26157","MI","Tuscola",6,6
"26159","MI","Van Buren",2,2
"26161","MI","Washtenaw",2,2
"26163","MI","Wayne",1,1
"26165","MI","Wexford",7,8
"27001","MN","Aitkin",8,7
"27003","MN","Anoka",1,1
"27005","MN","Becker",6,6
"27007","MN","Beltrami",7,8
"27009","MN","Benton",3,2
"27011","MN","Big Stone",9,12
"27013","MN","Blue Earth",5,8
"27015","MN","Brown",7,8
"27017","MN","Carlton",2,2
"27019","MN","Carver",1,1
"27021","MN","Cass",9,8
"27023","MN","Chippewa",7,9
"27025","MN","Chisago",1,1
"27027","MN","Clay",3,2
"27029","MN","Clearwater",8,7
"27031","MN","Cook",9,12
"27033","MN","Cottonwood",7,9
"27035","MN","Crow Wing",5,8
"27037","MN","Dakota",1,1
"27039","MN","Dodge",3,2
"27041","MN","Douglas",7,8
"27043","MN","Faribault",7,9
"27045","MN","Fillmore",8,6
"27047","MN","Freeborn",7,8
"27049","MN","Goodhue",4,3
"27051","MN","Grant",9,10
"27053","MN","Hennepin",1,1
"27055","MN","Houston",3,2
"27057","MN","Hubbard",7,9
"27059","MN","Isanti",1,1
"27061","MN","Itasca",6,6
"27063","MN","Jackson",7,9
"27065","MN","Kanabec",6,4
"27067","MN","Kandiyohi",4,5
"27069","MN","Kittson",9,12
"27071","MN","Koochiching",7,11
"27073","MN","Lac qui Parle",9,12
"27075","MN","Lake",6,6
"27077","MN","Lake of the Woods",9,12
"27079","MN","Le Sueur",6,4
"27081","MN","Lincoln",9,10
"27083","MN","Lyon",7,8
"27085","MN","McLeod",6,3
"27087","MN","Mahnomen",8,7
"27089","MN","Marshall",8,7
"27091","MN","Martin",7,8
"27093","MN","Meeker",6,4
"27095","MN","Mille Lacs",6,4
"27097","MN","Morrison",6,6
"27099","MN","Mower",4,5
"27101","MN","Murray",9,10
"27103","MN","Nicollet",5,8
"27105","MN","Nobles",7,8
"27107","MN","Norman",8,7
"27109","MN","Olmsted",3,2
"27111","MN","Otter Tail",6,5
"27113","MN","Pennington",6,6
"27115","MN","Pine",6,4
"27117","MN","Pipestone",6,6
"27119","MN","Polk",3,2
"27121","MN","Pope",8,6
"27123","MN","Ramsey",1,1
"27125","MN","Red Lake",8,7
"27127","MN","Redwood",7,9
"27129","MN","Renville",9,9
"27131","MN","Rice",4,3
"27133","MN","Rock",6,6
"27135","MN","Roseau",7,11
"27137","MN","St. Louis",2,2
"27139","MN","Scott",1,1
"27141","MN","Sherburne",1,1
"27143","MN","Sibley",8,4
"27145","MN","Stearns",3,2
"27147","MN","Steele",5,8
"27149","MN","Stevens",7,11
"27151","MN","Swift",7,9
"27153","MN","Todd",6,6
"27155","MN","Traverse",9,10
"27157","MN","Wabasha",3,2
"27159","MN","Wadena",7,9
"27161","MN","Waseca",7,9
"27163","MN","Washington",1,1
"27165","MN","Watonwan",7,9
"27167","MN","Wilkin",6,5
"27169","MN","Winona",4,5
"27171","MN","Wright",1,1
"27173","MN","Yellow Medicine",9,9
"28001","MS","Adams",5,8
"28003","MS","Alcorn",7,8
"28005","MS","Amite",8,5
"28007","MS","Attala",6,6
"28009","MS","Benton",8,4
"28011","MS","Bolivar",5,8
"28013","MS","Calhoun",7,10
"28015","MS","Carroll",9,8
"28017","MS","Chickasaw",7,9
"28019","MS","Choctaw",9,10
"28021","MS","Claiborne",6,7
"28023","MS","Clarke",9,8
"28025","MS","Clay",7,9
"28027","MS","Coahoma",5,8
"28029","MS","Copiah",2,2
"28031","MS","Covington",8,6
"28033","MS","DeSoto",1,1
"28035","MS","Forrest",3,2
"28037","MS","Franklin",9,10
"28039","MS","George",3,2
"28041","MS","Greene",8,7
"28043","MS","Grenada",7,8
"28045","MS","Hancock",3,2
"28047","MS","Harrison",3,2
"28049","MS","Hinds",2,2
"28051","MS","Holmes",6,6
"28053","MS","Humphreys",7,9
"28055","MS","Issaquena",9,10
"28057","MS","Itawamba",7,8
"28059","MS","Jackson",3,2
"28061","MS","Jasper",9,8
"28063","MS","Jefferson",7,10
"28065","MS","Jefferson Davis",8,7
"28067","MS","Jones",4,5
"28069","MS","Kemper",9,8
"28071","MS","Lafayette",6,3
"28073","MS","Lamar",3,2
"28075","MS","Lauderdale",5,8
"28077","MS","Lawrence",8,7
"28079","MS","Leake",6,6
"28081","MS","Lee",5,8
"28083","MS","Leflore",5,8
"28085","MS","Lincoln",6,5
"28087","MS","Lowndes",5,8
"28089","MS","Madison",2,2
"28091","MS","Marion",6,6
"28093","MS","Marshall",1,1
"28095","MS","Monroe",7,9
"28097","MS","Montgomery",7,9
"28099","MS","Neshoba",7,9
"28101","MS","Newton",7,9
"28103","MS","Noxubee",7,10
"28105","MS","Oktibbeha",5,8
"28107","MS","Panola",6,4
"28109","MS","Pearl River",6,3
"28111","MS","Perry",3,2
"28113","MS","Pike",7,8
"28115","MS","Pontotoc",7,8
"28117","MS","Prentiss",7,9
"28119","MS","Quitman",6,4
"28121","MS","Rankin",2,2
"28123","MS","Scott",6,6
"28125","MS","Sharkey",9,10
"28127","MS","Simpson",2,2
"28129","MS","Smith",8,7
"28131","MS","Stone",3,2
"28133","MS","Sunflower",5,8
"28135","MS","Tallahatchie",7,10
"28137","MS","Tate",1,1
"28139","MS","Tippah",7,9
"28141","MS","Tishomingo",8,6
"28143","MS","Tunica",1,1
"28145","MS","Union",7,9
"28147","MS","Walthall",9,10
"28149","MS","Warren",4,5
"28151","MS","Washington",5,8
"28153","MS","Wayne",7,9
"28155","MS","Webster",9,10
"28157","MS","Wilkinson",8,7
"28159","MS","Winston",7,9
"28161","MS","Yalobusha",7,9
"28163","MS","Yazoo",6,5
"29001","MO","Adair",7,8
"29003","MO","Andrew",3,2
"29005","MO","Atchison",9,10
"29007","MO","Audrain",6,5
"29009","MO","Barry",6,6
"29011","MO","Barton",6,6
"29013","MO","Bates",1,1
"29015","MO","Benton",9,10
"29017","MO","Bollinger",9,8
"29019","MO","Boone",3,2
"29021","MO","Buchanan",3,2
"29023","MO","Butler",7,8
"29025","MO","Caldwell",1,1
"29027","MO","Callaway",3,2
"29029","MO","Camden",7,9
"29031","MO","Cape Girardeau",5,8
"29033","MO","Carroll",6,4
"29035","MO","Carter",9,10
"29037","MO","Cass",1,1
"29039","MO","Cedar",6,6
"29041","MO","Chariton",9,9
"29043","MO","Christian",2,2
"29045","MO","Clark",9,8
"29047","MO","Clay",1,1
"29049","MO","Clinton",1,1
"29051","MO","Cole",3,2
"29053","MO","Cooper",6,6
"29055","MO","Crawford",6,4
"29057","MO","Dade",8,7
"29059","MO","Dallas",2,2
"29061","MO","Daviess",8,4
"29063","MO","DeKalb",3,2
"29065","MO","Dent",7,9
"29067","MO","Douglas",6,6
"29069","MO","Dunklin",7,8
"29071","MO","Franklin",1,1
"29073","MO","Gasconade",6,4
"29075","MO","Gentry",8,7
"29077","MO","Greene",2,2
"29079","MO","Grundy",7,11
"29081","MO","Harrison",7,11
"29083","MO","Henry",6,4
"29085","MO","Hickory",8,7
"29087","MO","Holt",8,7
"29089","MO","Howard",3,2
"29091","MO","Howell",7,8
"29093","MO","Iron",6,4
"29095","MO","Jackson",1,1
"29097","MO","Jasper",3,2
"29099","MO","Jefferson",1,1
"29101","MO","Johnson",4,3
"29103","MO","Knox",9,10
"29105","MO","Laclede",6,5
"29107","MO","Lafayette",1,1
"29109","MO","Lawrence",6,6
"29111","MO","Lewis",9,8
"29113","MO","Lincoln",1,1
"29115","MO","Linn",7,11
"29117","MO","Livingston",6,4
"29119","MO","McDonald",2,2
"29121","MO","Macon",7,9
"29123","MO","Madison",7,9
"29125","MO","Maries",8,7
"29127","MO","Marion",5,8
"29129","MO","Mercer",9,12
"29131","MO","Miller",6,6
"29133","MO","Mississippi",7,9
"29135","MO","Moniteau",3,2
"29137","MO","Monroe",9,9
"29139","MO","Montgomery",8,4
"29141","MO","Morgan",8,6
"29143","MO","New Madrid",7,9
"29145","MO","Newton",3,2
"29147","MO","Nodaway",6,5
"29149","MO","Oregon",9,10
"29151","MO","Osage",3,2
"29153","MO","Ozark",9,10
"29155","MO","Pemiscot",7,9
"29157","MO","Perry",7,9
"29159","MO","Pettis",4,3
"29161","MO","Phelps",5,8
"29163","MO","Pike",6,4
"29165","MO","Platte",1,1
"29167","MO","Polk",2,2
"29169","MO","Pulaski",5,8
"29171","MO","Putnam",9,10
"29173","MO","Ralls",9,8
"29175","MO","Randolph",6,5
"29177","MO","Ray",1,1
"29179","MO","Reynolds",9,12
"29181","MO","Ripley",9,10
"29183","MO","St. Charles",1,1
"29185","MO","St. Clair",8,4
"29186","MO","Ste. Genevieve",6,4
"29187","MO","St. Francois",4,3
"29189","MO","St. Louis",1,1
"29195","MO","Saline",6,3
"29197","MO","Schuyler",9,8
"29199","MO","Scotland",9,10
"29201","MO","Scott",5,8
"29203","MO","Shannon",9,10
"29205","MO","Shelby",9,10
"29207","MO","Stoddard",7,9
"29209","MO","Stone",8,5
"29211","MO","Sullivan",9,10
"29213","MO","Taney",6,5
"29215","MO","Texas",9,9
"29217","MO","Vernon",7,11
"29219","MO","Warren",1,1
"29221","MO","Washington",1,1
"29223","MO","Wayne",9,10
"29225","MO","Webster",2,2
"29227","MO","Worth",9,10
"29229","MO","Wright",6,6
"29510","MO","St. Lou",1,1
"30001","MT","Beaverhead",7,11
"30003","MT","Big Horn",6,6
"30005","MT","Blaine",9,10
"30007","MT","Broadwater",9,10
"30009","MT","Carbon",3,2
"30011","MT","Carter",9,12
"30013","MT","Cascade",3,2
"30015","MT","Chouteau",8,7
"30017","MT","Custer",7,11
"30019","MT","Daniels",9,12
"30021","MT","Dawson",7,11
"30023","MT","Deer Lodge",7,9
"30025","MT","Fallon",9,12
"30027","MT","Fergus",7,11
"30029","MT","Flathead",5,8
"30031","MT","Gallatin",5,8
"30033","MT","Garfield",9,12
"30035","MT","Glacier",7,11
"30037","MT","Golden Valley",8,7
"30039","MT","Granite",8,7
"30041","MT","Hill",7,8
"30043","MT","Jefferson",9,8
"30045","MT","Judith Basin",8,7
"30047","MT","Lake",6,6
"30049","MT","Lewis and Clark",5,8
"30051","MT","Liberty",9,10
"30053","MT","Lincoln",7,9
"30055","MT","McCone",9,12
"30057","MT","Madison",9,10
"30059","MT","Meagher",9,10
"30061","MT","Mineral",8,7
"30063","MT","Missoula",3,2
"30065","MT","Musselshell",8,7
"30067","MT","Park",7,9
"30069","MT","Petroleum",9,12
"30071","MT","Phillips",9,12
"30073","MT","Pondera",7,11
"30075","MT","Powder River",9,12
"30077","MT","Powell",7,9
"30079","MT","Prairie",9,12
"30081","MT","Ravalli",6,6
"30083","MT","Richland",7,11
"30085","MT","Roosevelt",7,11
"30087","MT","Rosebud",9,12
"30089","MT","Sanders",8,7
"30091","MT","Sheridan",9,12
"30093","MT","Silver Bow",5,8
"30095","MT","Stillwater",8,7
"30097","MT","Sweet Grass",9,12
"30099","MT","Teton",8,7
"30101","MT","Toole",7,11
"30103","MT","Treasure",8,7
"30105","MT","Valley",7,11
"30107","MT","Wheatland",9,12
"30109","MT","Wibaux",9,12
"30111","MT","Yellowstone",3,2
"31001","NE","Adams",5,8
"31003","NE","Antelope",9,10
"31005","NE","Arthur",9,10
"31007","NE","Banner",9,8
"31009","NE","Blaine",9,12
"31011","NE","Boone",9,10
"31013","NE","Box Butte",7,11
"31015","NE","Boyd",9,12
"31017","NE","Brown",9,12
"31019","NE","Buffalo",5,8
"31021","NE","Burt",8,7
"31023","NE","Butler",6,6
"31025","NE","Cass",2,2
"31027","NE","Cedar",9,10
"31029","NE","Chase",9,12
"31031","NE","Cherry",7,11
"31033","NE","Cheyenne",7,11
"31035","NE","Clay",9,8
"31037","NE","Colfax",7,9
"31039","NE","Cuming",7,9
"31041","NE","Custer",7,9
"31043","NE","Dakota",3,2
"31045","NE","Dawes",7,11
"31047","NE","Dawson",7,8
"31049","NE","Deuel",9,12
"31051","NE","Dixon",3,2
"31053","NE","Dodge",4,5
"31055","NE","Douglas",2,2
"31057","NE","Dundy",9,12
"31059","NE","Fillmore",9,12
"31061","NE","Franklin",9,10
"31063","NE","Frontier",9,10
"31065","NE","Furnas",9,12
"31067","NE","Gage",6,5
"31069","NE","Garden",9,12
"31071","NE","Garfield",9,12
"31073","NE","Gosper",9,8
"31075","NE","Grant",9,12
"31077","NE","Greeley",9,10
"31079","NE","Hall",5,8
"31081","NE","Hamilton",7,9
"31083","NE","Harlan",9,10
"31085","NE","Hayes",9,10
"31087","NE","Hitchcock",9,12
"31089","NE","Holt",7,11
"31091","NE","Hooker",9,12
"31093","NE","Howard",9,8
"31095","NE","Jefferson",7,9
"31097","NE","Johnson",8,7
"31099","NE","Kearney",7,8
"31101","NE","Keith",7,9
"31103","NE","Keya Paha",9,12
"31105","NE","Kimball",6,6
"31107","NE","Knox",9,10
"31109","NE","Lancaster",2,2
"31111","NE","Lincoln",5,8
"31113","NE","Logan",9,8
"31115","NE","Loup",9,12
"31117","NE","McPherson",9,8
"31119","NE","Madison",5,8
"31121","NE","Merrick",7,8
"31123","NE","Morrill",9,10
"31125","NE","Nance",9,10
"31127","NE","Nemaha",7,11
"31129","NE","Nuckolls",9,10
"31131","NE","Otoe",6,6
"31133","NE","Pawnee",9,10
"31135","NE","Perkins",9,10
"31137","NE","Phelps",7,9
"31139","NE","Pierce",9,8
"31141","NE","Platte",5,8
"31143","NE","Polk",9,10
"31145","NE","Red Willow",7,11
"31147","NE","Richardson",7,11
"31149","NE","Rock",9,12
"31151","NE","Saline",6,6
"31153","NE","Sarpy",2,2
"31155","NE","Saunders",2,2
"31157","NE","Scotts Bluff",5,8
"31159","NE","Seward",2,2
"31161","NE","Sheridan",9,12
"31163","NE","Sherman",9,10
"31165","NE","Sioux",9,10
"31167","NE","Stanton",9,8
"31169","NE","Thayer",9,12
"31171","NE","Thomas",9,10
"31173","NE","Thurston",8,7
"31175","NE","Valley",9,12
"31177","NE","Washington",2,2
"31179","NE","Wayne",6,6
"31181","NE","Webster",9,10
"31183","NE","Wheeler",9,12
"31185","NE","York",7,11
"32001","NV","Churchill",6,5
"32003","NV","Clark",1,1
"32005","NV","Douglas",4,5
"32007","NV","Elko",5,8
"32009","NV","Esmeralda",9,10
"32011","NV","Eureka",9,8
"32013","NV","Humboldt",7,11
"32015","NV","Lander",7,9
"32017","NV","Lincoln",8,4
"32019","NV","Lyon",6,6
"32021","NV","Mineral",7,9
"32023","NV","Nye",6,3
"32027","NV","Pershing",8,7
"32029","NV","Storey",2,2
"32031","NV","Washoe",2,2
"32033","NV","White Pine",7,9
"32510","NV","Cars",3,2
"33001","NH","Belknap",4,3
"33003","NH","Carroll",8,4
"33005","NH","Cheshire",4,5
"33007","NH","Coos",7,8
"33009","NH","Grafton",5,8
"33011","NH","Hillsborough",2,2
"33013","NH","Merrimack",4,5
"33015","NH","Rockingham",1,1
"33017","NH","Strafford",1,1
"33019","NH","Sullivan",7,9
"34001","NJ","Atlantic",2,2
"34003","NJ","Bergen",1,1
"34005","NJ","Burlington",1,1
"34007","NJ","Camden",1,1
"34009","NJ","Cape May",3,2
"34011","NJ","Cumberland",3,2
"34013","NJ","Essex",1,1
"34015","NJ","Gloucester",1,1
"34017","NJ","Hudson",1,1
"34019","NJ","Hunterdon",1,1
"34021","NJ","Mercer",2,2
"34023","NJ","Middlesex",1,1
"34025","NJ","Monmouth",1,1
"34027","NJ","Morris",1,1
"34029","NJ","Ocean",1,1
"34031","NJ","Passaic",1,1
"34033","NJ","Salem",1,1
"34035","NJ","Somerset",1,1
"34037","NJ","Sussex",1,1
"34039","NJ","Union",1,1
"34041","NJ","Warren",2,2
"35001","NM","Bernalillo",2,2
"35003","NM","Catron",9,12
"35005","NM","Chaves",5,8
"35006","NM","Cibola",6,5
"35007","NM","Colfax",7,11
"35009","NM","Curry",5,8
"35011","NM","DeBaca",9,10
"35013","NM","Dona Ana",3,2
"35015","NM","Eddy",5,8
"35017","NM","Grant",7,8
"35019","NM","Guadalupe",7,9
"35021","NM","Harding",9,10
"35023","NM","Hidalgo",7,9
"35025","NM","Lea",5,8
"35027","NM","Lincoln",7,9
"35028","NM","Los Alamos",6,5
"35029","NM","Luna",6,5
"35031","NM","McKinley",4,5
"35033","NM","Mora",8,7
"35035","NM","Otero",4,5
"35037","NM","Quay",7,9
"35039","NM","Rio Arriba",6,5
"35041","NM","Roosevelt",7,8
"35043","NM","Sandoval",2,2
"35045","NM","San Juan",3,2
"35047","NM","San Miguel",6,5
"35049","NM","Santa Fe",3,2
"35051","NM","Sierra",6,6
"35053","NM","Socorro",6,6
"35055","NM","Taos",7,8
"35057","NM","Torrance",2,2
"35059","NM","Union",9,11
"35061","NM","Valencia",2,2
"36001","NY","Albany",2,2
"36003","NY","Allegany",7,9
"36005","NY","Bronx",1,1
"36007","NY","Broome",2,2
"36009","NY","Cattaraugus",4,3
"36011","NY","Cayuga",4,5
"36013","NY","Chautauqua",4,3
"36015","NY","Chemung",3,2
"36017","NY","Chenango",6,6
"36019","NY","Clinton",5,8
"36021","NY","Columbia",6,5
"36023","NY","Cortland",4,5
"36025","NY","Delaware",6,6
"36027","NY","Dutchess",2,2
"36029","NY","Erie",1,1
"36031","NY","Essex",6,6
"36033","NY","Franklin",5,8
"36035","NY","Fulton",4,5
"36037","NY","Genesee",4,3
"36039","NY","Greene",6,6
"36041","NY","Hamilton",8,7
"36043","NY","Herkimer",2,2
"36045","NY","Jefferson",4,5
"36047","NY","Kings",1,1
"36049","NY","Lewis",6,6
"36051","NY","Livingston",1,1
"36053","NY","Madison",2,2
"36055","NY","Monroe",1,1
"36057","NY","Montgomery",4,5
"36059","NY","Nassau",1,1
"36061","NY","New York",1,1
"36063","NY","Niagara",1,1
"36065","NY","Oneida",2,2
"36067","NY","Onondaga",2,2
"36069","NY","Ontario",1,1
"36071","NY","Orange",2,2
"36073","NY","Orleans",1,1
"36075","NY","Oswego",2,2
"36077","NY","Otsego",6,5
"36079","NY","Putnam",1,1
"36081","NY","Queens",1,1
"36083","NY","Rensselaer",2,2
"36085","NY","Richmond",1,1
"36087","NY","Rockland",1,1
"36089","NY","St. Lawrence",5,8
"36091","NY","Saratoga",2,2
"36093","NY","Schenectady",2,2
"36095","NY","Schoharie",2,2
"36097","NY","Schuyler",6,7
"36099","NY","Seneca",6,3
"36101","NY","Steuben",4,5
"36103","NY","Suffolk",1,1
"36105","NY","Sullivan",4,6
"36107","NY","Tioga",2,2
"36109","NY","Tompkins",3,2
"36111","NY","Ulster",3,2
"36113","NY","Warren",3,2
"36115","NY","Washington",3,2
"36117","NY","Wayne",1,1
"36119","NY","Westchester",1,1
"36121","NY","Wyoming",6,4
"36123","NY","Yates",6,4
"37001","NC","Alamance",3,2
"37003","NC","Alexander",2,2
"37005","NC","Alleghany",9,10
"37007","NC","Anson",1,1
"37009","NC","Ashe",9,10
"37011","NC","Avery",8,7
"37013","NC","Beaufort",6,5
"37015","NC","Bertie",9,12
"37017","NC","Bladen",6,6
"37019","NC","Brunswick",2,2
"37021","NC","Buncombe",2,2
"37023","NC","Burke",2,2
"37025","NC","Cabarrus",1,1
"37027","NC","Caldwell",2,2
"37029","NC","Camden",8,3
"37031","NC","Carteret",4,5
"37033","NC","Caswell",8,7
"37035","NC","Catawba",2,2
"37037","NC","Chatham",2,2
"37039","NC","Cherokee",9,12
"37041","NC","Chowan",7,9
"37043","NC","Clay",9,12
"37045","NC","Cleveland",4,3
"37047","NC","Columbus",6,6
"37049","NC","Craven",5,8
"37051","NC","Cumberland",2,2
"37053","NC","Currituck",1,1
"37055","NC","Dare",5,8
"37057","NC","Davidson",4,5
"37059","NC","Davie",2,2
"37061","NC","Duplin",6,6
"37063","NC","Durham",2,2
"37065","NC","Edgecombe",3,2
"37067","NC","Forsyth",2,2
"37069","NC","Franklin",2,2
"37071","NC","Gaston",1,1
"37073","NC","Gates",8,4
"37075","NC","Graham",9,12
"37077","NC","Granville",6,6
"37079","NC","Greene",3,2
"37081","NC","Guilford",2,2
"37083","NC","Halifax",4,5
"37085","NC","Harnett",4,5
"37087","NC","Haywood",2,2
"37089","NC","Henderson",2,2
"37091","NC","Hertford",7,11
"37093","NC","Hoke",2,2
"37095","NC","Hyde",9,10
"37097","NC","Iredell",4,3
"37099","NC","Jackson",6,6
"37101","NC","Johnston",2,2
"37103","NC","Jones",8,5
"37105","NC","Lee",4,5
"37107","NC","Lenoir",4,5
"37109","NC","Lincoln",4,3
"37111","NC","McDowell",6,6
"37113","NC","Macon",7,11
"37115","NC","Madison",2,2
"37117","NC","Martin",6,6
"37119","NC","Mecklenburg",1,1
"37121","NC","Mitchell",9,12
"37123","NC","Montgomery",6,6
"37125","NC","Moore",4,5
"37127","NC","Nash",3,2
"37129","NC","New Hanover",2,2
"37131","NC","Northampton",9,8
"37133","NC","Onslow",3,2
"37135","NC","Orange",2,2
"37137","NC","Pamlico",9,8
"37139","NC","Pasquotank",7,8
"37141","NC","Pender",2,2
"37143","NC","Perquimans",9,8
"37145","NC","Person",2,2
"37147","NC","Pitt",3,2
"37149","NC","Polk",8,7
"37151","NC","Randolph",2,2
"37153","NC","Richmond",4,5
"37155","NC","Robeson",4,5
"37157","NC","Rockingham",2,2
"37159","NC","Rowan",4,3
"37161","NC","Rutherford",4,5
"37163","NC","Sampson",6,6
"37165","NC","Scotland",6,5
"37167","NC","Stanly",6,3
"37169","NC","Stokes",2,2
"37171","NC","Surry",4,5
"37173","NC","Swain",8,7
"37175","NC","Transylvania",6,5
"37177","NC","Tyrrell",9,10
"37179","NC","Union",1,1
"37181","NC","Vance",4,5
"37183","NC","Wake",2,2
"37185","NC","Warren",8,7
"37187","NC","Washington",7,9
"37189","NC","Watauga",6,5
"37191","NC","Wayne",3,2
"37193","NC","Wilkes",6,5
"37195","NC","Wilson",4,5
"37197","NC","Yadkin",2,2
"37199","NC","Yancey",8,7
"38001","ND","Adams",9,12
"38003","ND","Barnes",6,6
"38005","ND","Benson",9,12
"38007","ND","Billings",9,8
"38009","ND","Bottineau",9,10
"38011","ND","Bowman",9,12
"38013","ND","Burke",9,10
"38015","ND","Burleigh",3,2
"38017","ND","Cass",3,2
"38019","ND","Cavalier",9,12
"38021","ND","Dickey",9,10
"38023","ND","Divide",9,10
"38025","ND","Dunn",9,10
"38027","ND","Eddy",9,12
"38029","ND","Emmons",8,7
"38031","ND","Foster",9,10
"38033","ND","Golden Valley",9,12
"38035","ND","Grand Forks",3,2
"38037","ND","Grant",8,7
"38039","ND","Griggs",9,12
"38041","ND","Hettinger",9,10
"38043","ND","Kidder",8,7
"38045","ND","LaMoure",9,10
"38047","ND","Logan",9,10
"38049","ND","McHenry",9,8
"38051","ND","McIntosh",9,12
"38053","ND","McKenzie",9,10
"38055","ND","McLean",8,7
"38057","ND","Mercer",6,6
"38059","ND","Morton",3,2
"38061","ND","Mountrail",9,10
"38063","ND","Nelson",8,7
"38065","ND","Oliver",8,7
"38067","ND","Pembina",9,12
"38069","ND","Pierce",7,11
"38071","ND","Ramsey",7,11
"38073","ND","Ransom",8,7
"38075","ND","Renville",9,8
"38077","ND","Richland",6,5
"38079","ND","Rolette",9,12
"38081","ND","Sargent",9,10
"38083","ND","Sheridan",9,12
"38085","ND","Sioux",8,7
"38087","ND","Slope",9,10
"38089","ND","Stark",7,8
"38091","ND","Steele",8,7
"38093","ND","Stutsman",7,8
"38095","ND","Towner",9,12
"38097","ND","Traill",8,7
"38099","ND","Walsh",6,6
"38101","ND","Ward",5,8
"38103","ND","Wells",9,12
"38105","ND","Williams",7,8
"39001","OH","Adams",6,4
"39003","OH","Allen",3,2
"39005","OH","Ashland",4,5
"39007","OH","Ashtabula",4,3
"39009","OH","Athens",4,5
"39011","OH","Auglaize",4,5
"39013","OH","Belmont",3,2
"39015","OH","Brown",1,1
"39017","OH","Butler",1,1
"39019","OH","Carroll",2,2
"39021","OH","Champaign",6,5
"39023","OH","Clark",3,2
"39025","OH","Clermont",1,1
"39027","OH","Clinton",6,3
"39029","OH","Columbiana",4,5
"39031","OH","Coshocton",6,3
"39033","OH","Crawford",4,5
"39035","OH","Cuyahoga",1,1
"39037","OH","Darke",6,5
"39039","OH","Defiance",4,5
"39041","OH","Delaware",1,1
"39043","OH","Erie",3,2
"39045","OH","Fairfield",1,1
"39047","OH","Fayette",6,3
"39049","OH","Franklin",1,1
"39051","OH","Fulton",2,2
"39053","OH","Gallia",6,5
"39055","OH","Geauga",1,1
"39057","OH","Greene",2,2
"39059","OH","Guernsey",6,5
"39061","OH","Hamilton",1,1
"39063","OH","Hancock",4,5
"39065","OH","Hardin",6,6
"39067","OH","Harrison",6,6
"39069","OH","Henry",6,6
"39071","OH","Highland",6,4
"39073","OH","Hocking",6,4
"39075","OH","Holmes",7,9
"39077","OH","Huron",4,5
"39079","OH","Jackson",7,9
"39081","OH","Jefferson",3,2
"39083","OH","Knox",4,3
"39085","OH","Lake",1,1
"39087","OH","Lawrence",2,2
"39089","OH","Licking",1,1
"39091","OH","Logan",4,3
"39093","OH","Lorain",1,1
"39095","OH","Lucas",2,2
"39097","OH","Madison",1,1
"39099","OH","Mahoning",2,2
"39101","OH","Marion",4,3
"39103","OH","Medina",1,1
"39105","OH","Meigs",6,6
"39107","OH","Mercer",7,8
"39109","OH","Miami",2,2
"39111","OH","Monroe",8,6
"39113","OH","Montgomery",2,2
"39115","OH","Morgan",6,7
"39117","OH","Morrow",1,1
"39119","OH","Muskingum",4,3
"39121","OH","Noble",6,7
"39123","OH","Ottawa",2,2
"39125","OH","Paulding",6,6
"39127","OH","Perry",6,4
"39129","OH","Pickaway",1,1
"39131","OH","Pike",7,9
"39133","OH","Portage",2,2
"39135","OH","Preble",2,2
"39137","OH","Putnam",6,6
"39139","OH","Richland",3,2
"39141","OH","Ross",4,3
"39143","OH","Sandusky",4,5
"39145","OH","Scioto",4,5
"39147","OH","Seneca",4,5
"39149","OH","Shelby",4,5
"39151","OH","Stark",2,2
"39153","OH","Summit",2,2
"39155","OH","Trumbull",2,2
"39157","OH","Tuscarawas",4,5
"39159","OH","Union",1,1
"39161","OH","Van Wert",6,5
"39163","OH","Vinton",9,10
"39165","OH","Warren",1,1
"39167","OH","Washington",3,2
"39169","OH","Wayne",4,3
"39171","OH","Williams",7,9
"39173","OH","Wood",2,2
"39175","OH","Wyandot",7,9
"40001","OK","Adair",6,6
"40003","OK","Alfalfa",9,10
"40005","OK","Atoka",7,9
"40007","OK","Beaver",9,10
"40009","OK","Beckham",7,11
"40011","OK","Blaine",6,4
"40013","OK","Bryan",6,5
"40015","OK","Caddo",6,4
"40017","OK","Canadian",1,1
"40019","OK","Carter",5,8
"40021","OK","Cherokee",6,5
"40023","OK","Choctaw",7,9
"40025","OK","Cimarron",9,10
"40027","OK","Cleveland",1,1
"40029","OK","Coal",9,10
"40031","OK","Comanche",3,2
"40033","OK","Cotton",6,6
"40035","OK","Craig",6,6
"40037","OK","Creek",2,2
"40039","OK","Custer",7,11
"40041","OK","Delaware",6,6
"40043","OK","Dewey",9,10
"40045","OK","Ellis",9,10
"40047","OK","Garfield",5,8
"40049","OK","Garvin",6,4
"40051","OK","Grady",1,1
"40053","OK","Grant",9,10
"40055","OK","Greer",7,9
"40057","OK","Harmon",9,10
"40059","OK","Harper",9,10
"40061","OK","Haskell",6,6
"40063","OK","Hughes",7,9
"40065","OK","Jackson",5,8
"40067","OK","Jefferson",8,7
"40069","OK","Johnston",7,9
"40071","OK","Kay",5,8
"40073","OK","Kingfisher",6,4
"40075","OK","Kiowa",6,6
"40077","OK","Latimer",7,9
"40079","OK","Le Flore",2,2
"40081","OK","Lincoln",1,1
"40083","OK","Logan",1,1
"40085","OK","Love",9,8
"40087","OK","McClain",1,1
"40089","OK","McCurtain",7,11
"40091","OK","McIntosh",6,6
"40093","OK","Major",9,9
"40095","OK","Marshall",6,6
"40097","OK","Mayes",6,6
"40099","OK","Murray",7,9
"40101","OK","Muskogee",4,5
"40103","OK","Noble",6,4
"40105","OK","Nowata",6,6
"40107","OK","Okfuskee",6,6
"40109","OK","Oklahoma",1,1
"40111","OK","Okmulgee",2,2
"40113","OK","Osage",2,2
"40115","OK","Ottawa",6,5
"40117","OK","Pawnee",2,2
"40119","OK","Payne",4,5
"40121","OK","Pittsburg",5,8
"40123","OK","Pontotoc",7,8
"40125","OK","Pottawatomie",4,3
"40127","OK","Pushmataha",9,11
"40129","OK","Roger Mills",9,12
"40131","OK","Rogers",2,2
"40133","OK","Seminole",7,9
"40135","OK","Sequoyah",2,2
"40137","OK","Stephens",4,5
"40139","OK","Texas",7,8
"40141","OK","Tillman",6,6
"40143","OK","Tulsa",2,2
"40145","OK","Wagoner",2,2
"40147","OK","Washington",4,5
"40149","OK","Washita",7,11
"40151","OK","Woods",7,11
"40153","OK","Woodward",7,8
"41001","OR","Baker",7,9
"41003","OR","Benton",3,2
"41005","OR","Clackamas",1,1
"41007","OR","Clatsop",4,3
"41009","OR","Columbia",1,1
"41011","OR","Coos",5,8
"41013","OR","Crook",6,5
"41015","OR","Curry",7,8
"41017","OR","Deschutes",3,2
"41019","OR","Douglas",4,5
"41021","OR","Gilliam",9,10
"41023","OR","Grant",9,12
"41025","OR","Harney",7,11
"41027","OR","Hood River",6,3
"41029","OR","Jackson",3,2
"41031","OR","Jefferson",6,6
"41033","OR","Josephine",4,5
"41035","OR","Klamath",5,8
"41037","OR","Lake",7,12
"41039","OR","Lane",2,2
"41041","OR","Lincoln",4,6
"41043","OR","Linn",4,5
"41045","OR","Malheur",6,5
"41047","OR","Marion",2,2
"41049","OR","Morrow",6,5
"41051","OR","Multnomah",1,1
"41053","OR","Polk",2,2
"41055","OR","Sherman",9,10
"41057","OR","Tillamook",6,4
"41059","OR","Umatilla",5,8
"41061","OR","Union",7,8
"41063","OR","Wallowa",9,10
"41065","OR","Wasco",6,3
"41067","OR","Washington",1,1
"41069","OR","Wheeler",9,10
"41071","OR","Yamhill",1,1
"42001","PA","Adams",4,5
"42003","PA","Allegheny",1,1
"42005","PA","Armstrong",1,1
"42007","PA","Beaver",1,1
"42009","PA","Bedford",6,6
"42011","PA","Berks",2,2
"42013","PA","Blair",3,2
"42015","PA","Bradford",6,5
"42017","PA","Bucks",1,1
"42019","PA","Butler",1,1
"42021","PA","Cambria",3,2
"42023","PA","Cameron",7,9
"42025","PA","Carbon",2,2
"42027","PA","Centre",3,2
"42029","PA","Chester",1,1
"42031","PA","Clarion",6,4
"42033","PA","Clearfield",4,5
"42035","PA","Clinton",6,5
"42037","PA","Columbia",4,5
"42039","PA","Crawford",4,5
"42041","PA","Cumberland",2,2
"42043","PA","Dauphin",2,2
"42045","PA","Delaware",1,1
"42047","PA","Elk",7,8
"42049","PA","Erie",2,2
"42051","PA","Fayette",1,1
"42053","PA","Forest",9,10
"42055","PA","Franklin",4,5
"42057","PA","Fulton",8,7
"42059","PA","Greene",6,4
"42061","PA","Huntingdon",6,5
"42063","PA","Indiana",4,3
"42065","PA","Jefferson",7,9
"42067","PA","Juniata",6,7
"42069","PA","Lackawanna",2,2
"42071","PA","Lancaster",2,2
"42073","PA","Lawrence",4,3
"42075","PA","Lebanon",3,2
"42077","PA","Lehigh",2,2
"42079","PA","Luzerne",2,2
"42081","PA","Lycoming",3,2
"42083","PA","Mc Kean",7,8
"42085","PA","Mercer",2,2
"42087","PA","Mifflin",4,5
"42089","PA","Monroe",4,3
"42091","PA","Montgomery",1,1
"42093","PA","Montour",6,5
"42095","PA","Northampton",2,2
"42097","PA","Northumberland",4,5
"42099","PA","Perry",2,2
"42101","PA","Philadelphia",1,1
"42103","PA","Pike",1,1
"42105","PA","Potter",9,9
"42107","PA","Schuylkill",4,5
"42109","PA","Snyder",7,8
"42111","PA","Somerset",4,5
"42113","PA","Sullivan",8,7
"42115","PA","Susquehanna",6,7
"42117","PA","Tioga",6,6
"42119","PA","Union",4,5
"42121","PA","Venango",4,3
"42123","PA","Warren",6,5
"42125","PA","Washington",1,1
"42127","PA","Wayne",6,6
"42129","PA","Westmoreland",1,1
"42131","PA","Wyoming",2,2
"42133","PA","York",2,2
"44001","RI","Bristol",1,1
"44003","RI","Kent",1,1
"44005","RI","Newport",1,1
"44007","RI","Providence",1,1
"44009","RI","Washington",1,1
"45001","SC","Abbeville",6,6
"45003","SC","Aiken",2,2
"45005","SC","Allendale",6,6
"45007","SC","Anderson",3,2
"45009","SC","Bamberg",7,9
"45011","SC","Barnwell",6,6
"45013","SC","Beaufort",5,8
"45015","SC","Berkeley",2,2
"45017","SC","Calhoun",2,2
"45019","SC","Charleston",2,2
"45021","SC","Cherokee",4,5
"45023","SC","Chester",6,3
"45025","SC","Chesterfield",6,4
"45027","SC","Clarendon",6,6
"45029","SC","Colleton",6,5
"45031","SC","Darlington",3,2
"45033","SC","Dillon",6,5
"45035","SC","Dorchester",2,2
"45037","SC","Edgefield",2,2
"45039","SC","Fairfield",2,2
"45041","SC","Florence",3,2
"45043","SC","Georgetown",4,5
"45045","SC","Greenville",2,2
"45047","SC","Greenwood",4,5
"45049","SC","Hampton",6,6
"45051","SC","Horry",3,2
"45053","SC","Jasper",6,5
"45055","SC","Kershaw",2,2
"45057","SC","Lancaster",4,3
"45059","SC","Laurens",2,2
"45061","SC","Lee",6,6
"45063","SC","Lexington",2,2
"45065","SC","McCormick",8,7
"45067","SC","Marion",6,6
"45069","SC","Marlboro",6,5
"45071","SC","Newberry",6,5
"45073","SC","Oconee",6,5
"45075","SC","Orangeburg",4,5
"45077","SC","Pickens",2,2
"45079","SC","Richland",2,2
"45081","SC","Saluda",2,2
"45083","SC","Spartanburg",2,2
"45085","SC","Sumter",3,2
"45087","SC","Union",6,5
"45089","SC","Williamsburg",6,6
"45091","SC","York",1,1
"46003","SD","Aurora",9,10
"46005","SD","Beadle",7,8
"46007","SD","Bennett",9,12
"46009","SD","Bon Homme",9,10
"46011","SD","Brookings",7,8
"46013","SD","Brown",5,8
"46015","SD","Brule",9,12
"46017","SD","Buffalo",9,12
"46019","SD","Butte",6,6
"46021","SD","Campbell",9,12
"46023","SD","Charles Mix",9,12
"46025","SD","Clark",9,10
"46027","SD","Clay",6,5
"46029","SD","Codington",7,8
"46031","SD","Corson",9,12
"46033","SD","Custer",8,7
"46035","SD","Davison",7,8
"46037","SD","Day",9,10
"46039","SD","Deuel",9,10
"46041","SD","Dewey",9,12
"46043","SD","Douglas",9,10
"46045","SD","Edmunds",9,8
"46047","SD","Fall River",7,11
"46049","SD","Faulk",9,10
"46051","SD","Grant",7,9
"46053","SD","Gregory",9,12
"46055","SD","Haakon",8,7
"46057","SD","Hamlin",9,8
"46059","SD","Hand",9,10
"46061","SD","Hanson",8,5
"46063","SD","Harding",9,12
"46065","SD","Hughes",7,8
"46067","SD","Hutchinson",8,7
"46069","SD","Hyde",9,10
"46071","SD","Jackson",8,7
"46073","SD","Jerauld",9,10
"46075","SD","Jones",9,10
"46077","SD","Kingsbury",9,10
"46079","SD","Lake",6,6
"46081","SD","Lawrence",6,5
"46083","SD","Lincoln",3,2
"46085","SD","Lyman",9,10
"46087","SD","McCook",3,2
"46089","SD","McPherson",9,10
"46091","SD","Marshall",9,10
"46093","SD","Meade",3,2
"46095","SD","Mellette",9,12
"46097","SD","Miner",8,7
"46099","SD","Minnehaha",3,2
"46101","SD","Moody",8,7
"46102","SD","Oglala Lakota",7,11
"46103","SD","Pennington",3,2
"46105","SD","Perkins",9,12
"46107","SD","Potter",9,12
"46109","SD","Roberts",9,9
"46111","SD","Sanborn",9,10
"46115","SD","Spink",7,9
"46117","SD","Stanley",9,8
"46119","SD","Sully",9,10
"46121","SD","Todd",9,12
"46123","SD","Tripp",7,11
"46125","SD","Turner",3,2
"46127","SD","Union",3,2
"46129","SD","Walworth",7,11
"46135","SD","Yankton",7,8
"46137","SD","Ziebach",9,12
"47001","TN","Anderson",2,2
"47003","TN","Bedford",6,3
"47005","TN","Benton",7,9
"47007","TN","Bledsoe",8,7
"47009","TN","Blount",2,2
"47011","TN","Bradley",3,2
"47013","TN","Campbell",6,5
"47015","TN","Cannon",1,1
"47017","TN","Carroll",6,6
"47019","TN","Carter",3,2
"47021","TN","Cheatham",1,1
"47023","TN","Chester",3,2
"47025","TN","Claiborne",6,6
"47027","TN","Clay",8,4
"47029","TN","Cocke",6,5
"47031","TN","Coffee",4,3
"47033","TN","Crockett",8,7
"47035","TN","Cumberland",7,8
"47037","TN","Davidson",1,1
"47039","TN","Decatur",9,12
"47041","TN","DeKalb",6,4
"47043","TN","Dickson",1,1
"47045","TN","Dyer",5,8
"47047","TN","Fayette",1,1
"47049","TN","Fentress",9,10
"47051","TN","Franklin",6,5
"47053","TN","Gibson",4,6
"47055","TN","Giles",6,6
"47057","TN","Grainger",3,2
"47059","TN","Greene",6,5
"47061","TN","Grundy",8,7
"47063","TN","Hamblen",3,2
"47065","TN","Hamilton",2,2
"47067","TN","Hancock",8,7
"47069","TN","Hardeman",6,6
"47071","TN","Hardin",6,6
"47073","TN","Hawkins",3,2
"47075","TN","Haywood",6,5
"47077","TN","Henderson",6,6
"47079","TN","Henry",7,8
"47081","TN","Hickman",1,1
"47083","TN","Houston",8,4
"47085","TN","Humphreys",6,4
"47087","TN","Jackson",8,3
"47089","TN","Jefferson",3,2
"47091","TN","Johnson",6,7
"47093","TN","Knox",2,2
"47095","TN","Lake",9,10
"47097","TN","Lauderdale",6,4
"47099","TN","Lawrence",6,5
"47101","TN","Lewis",6,4
"47103","TN","Lincoln",6,6
"47105","TN","Loudon",2,2
"47107","TN","McMinn",4,5
"47109","TN","McNairy",6,6
"47111","TN","Macon",1,1
"47113","TN","Madison",3,2
"47115","TN","Marion",2,2
"47117","TN","Marshall",6,4
"47119","TN","Maury",4,3
"47121","TN","Meigs",8,7
"47123","TN","Monroe",6,6
"47125","TN","Montgomery",3,2
"47127","TN","Moore",9,8
"47129","TN","Morgan",6,6
"47131","TN","Obion",7,8
"47133","TN","Overton",7,8
"47135","TN","Perry",8,4
"47137","TN","Pickett",9,10
"47139","TN","Polk",3,2
"47141","TN","Putnam",4,3
"47143","TN","Rhea",6,6
"47145","TN","Roane",4,5
"47147","TN","Robertson",1,1
"47149","TN","Rutherford",1,1
"47151","TN","Scott",6,6
"47153","TN","Sequatchie",2,2
"47155","TN","Sevier",4,5
"47157","TN","Shelby",1,1
"47159","TN","Smith",1,1
"47161","TN","Stewart",3,2
"47163","TN","Sullivan",3,2
"47165","TN","Sumner",1,1
"47167","TN","Tipton",1,1
"47169","TN","Trousdale",1,1
"47171","TN","Unicoi",3,2
"47173","TN","Union",2,2
"47175","TN","Van Buren",9,10
"47177","TN","Warren",6,3
"47179","TN","Washington",3,2
"47181","TN","Wayne",8,6
"47183","TN","Weakley",7,9
"47185","TN","White",7,9
"47187","TN","Williamson",1,1
"47189","TN","Wilson",1,1
"48001","TX","Anderson",5,8
"48003","TX","Andrews",6,5
"48005","TX","Angelina",5,8
"48007","TX","Aransas",2,2
"48009","TX","Archer",3,2
"48011","TX","Armstrong",3,2
"48013","TX","Atascosa",1,1
"48015","TX","Austin",1,1
"48017","TX","Bailey",7,11
"48019","TX","Bandera",1,1
"48021","TX","Bastrop",1,1
"48023","TX","Baylor",6,6
"48025","TX","Bee",4,5
"48027","TX","Bell",2,2
"48029","TX","Bexar",1,1
"48031","TX","Blanco",8,4
"48033","TX","Borden",9,10
"48035","TX","Bosque",6,6
"48037","TX","Bowie",3,2
"48039","TX","Brazoria",1,1
"48041","TX","Brazos",3,2
"48043","TX","Brewster",7,11
"48045","TX","Briscoe",9,12
"48047","TX","Brooks",6,6
"48049","TX","Brown",5,8
"48051","TX","Burleson",3,2
"48053","TX","Burnet",6,4
"48055","TX","Caldwell",1,1
"48057","TX","Calhoun",3,2
"48059","TX","Callahan",3,2
"48061","TX","Cameron",2,2
"48063","TX","Camp",6,6
"48065","TX","Carson",3,2
"48067","TX","Cass",6,6
"48069","TX","Castro",6,6
"48071","TX","Chambers",1,1
"48073","TX","Cherokee",6,5
"48075","TX","Childress",7,11
"48077","TX","Clay",3,2
"48079","TX","Cochran",9,10
"48081","TX","Coke",8,7
"48083","TX","Coleman",6,6
"48085","TX","Collin",1,1
"48087","TX","Collingsworth",9,12
"48089","TX","Colorado",6,4
"48091","TX","Comal",1,1
"48093","TX","Comanche",7,9
"48095","TX","Concho",8,6
"48097","TX","Cooke",6,3
"48099","TX","Coryell",2,2
"48101","TX","Cottle",9,12
"48103","TX","Crane",6,6
"48105","TX","Crockett",7,11
"48107","TX","Crosby",3,2
"48109","TX","Culberson",9,12
"48111","TX","Dallam",7,9
"48113","TX","Dallas",1,1
"48115","TX","Dawson",7,8
"48117","TX","Deaf Smith",6,5
"48119","TX","Delta",1,1
"48121","TX","Denton",1,1
"48123","TX","DeWitt",6,6
"48125","TX","Dickens",8,7
"48127","TX","Dimmit",6,6
"48129","TX","Donley",8,7
"48131","TX","Duval",7,9
"48133","TX","Eastland",6,6
"48135","TX","Ector",3,2
"48137","TX","Edwards",9,10
"48139","TX","Ellis",1,1
"48141","TX","El Paso",2,2
"48143","TX","Erath",7,8
"48145","TX","Falls",6,6
"48147","TX","Fannin",6,4
"48149","TX","Fayette",6,4
"48151","TX","Fisher",8,7
"48153","TX","Floyd",6,6
"48155","TX","Foard",9,10
"48157","TX","Fort Bend",1,1
"48159","TX","Franklin",8,4
"48161","TX","Freestone",7,9
"48163","TX","Frio",6,4
"48165","TX","Gaines",7,9
"48167","TX","Galveston",1,1
"48169","TX","Garza",6,6
"48171","TX","Gillespie",7,9
"48173","TX","Glasscock",8,7
"48175","TX","Goliad",3,2
"48177","TX","Gonzales",6,4
"48179","TX","Gray",6,5
"48181","TX","Grayson",3,2
"48183","TX","Gregg",3,2
"48185","TX","Grimes",6,4
"48187","TX","Guadalupe",1,1
"48189","TX","Hale",4,5
"48191","TX","Hall",9,12
"48193","TX","Hamilton",6,6
"48195","TX","Hansford",7,9
"48197","TX","Hardeman",7,9
"48199","TX","Hardin",2,2
"48201","TX","Harris",1,1
"48203","TX","Harrison",4,5
"48205","TX","Hartley",9,9
"48207","TX","Haskell",6,6
"48209","TX","Hays",1,1
"48211","TX","Hemphill",9,12
"48213","TX","Henderson",4,3
"48215","TX","Hidalgo",2,2
"48217","TX","Hill",6,4
"48219","TX","Hockley",6,5
"48221","TX","Hood",4,3
"48223","TX","Hopkins",6,3
"48225","TX","Houston",7,9
"48227","TX","Howard",5,8
"48229","TX","Hudspeth",8,7
"48231","TX","Hunt",1,1
"48233","TX","Hutchinson",6,5
"48235","TX","Irion",3,2
"48237","TX","Jack",6,4
"48239","TX","Jackson",6,6
"48241","TX","Jasper",6,6
"48243","TX","Jeff Davis",9,10
"48245","TX","Jefferson",2,2
"48247","TX","Jim Hogg",6,6
"48249","TX","Jim Wells",4,5
"48251","TX","Johnson",1,1
"48253","TX","Jones",3,2
"48255","TX","Karnes",6,4
"48257","TX","Kaufman",1,1
"48259","TX","Kendall",1,1
"48261","TX","Kenedy",9,8
"48263","TX","Kent",9,10
"48265","TX","Kerr",4,3
"48267","TX","Kimble",7,9
"48269","TX","King",9,12
"48271","TX","Kinney",9,10
"48273","TX","Kleberg",4,5
"48275","TX","Knox",9,12
"48277","TX","Lamar",4,3
"48279","TX","Lamb",6,6
"48281","TX","Lampasas",2,2
"48283","TX","La Salle",6,6
"48285","TX","Lavaca",6,6
"48287","TX","Lee",6,4
"48289","TX","Leon",8,7
"48291","TX","Liberty",1,1
"48293","TX","Limestone",6,6
"48295","TX","Lipscomb",9,12
"48297","TX","Live Oak",6,6
"48299","TX","Llano",7,11
"48301","TX","Loving",9,10
"48303","TX","Lubbock",3,2
"48305","TX","Lynn",6,6
"48307","TX","McCulloch",7,9
"48309","TX","McLennan",3,2
"48311","TX","McMullen",8,4
"48313","TX","Madison",6,6
"48315","TX","Marion",8,7
"48317","TX","Martin",6,6
"48319","TX","Mason",9,12
"48321","TX","Matagorda",4,3
"48323","TX","Maverick",5,8
"48325","TX","Medina",1,1
"48327","TX","Menard",8,7
"48329","TX","Midland",3,2
"48331","TX","Milam",6,4
"48333","TX","Mills",9,10
"48335","TX","Mitchell",7,9
"48337","TX","Montague",6,4
"48339","TX","Montgomery",1,1
"48341","TX","Moore",6,5
"48343","TX","Morris",6,6
"48345","TX","Motley",8,7
"48347","TX","Nacogdoches",5,8
"48349","TX","Navarro",4,3
"48351","TX","Newton",8,7
"48353","TX","Nolan",6,5
"48355","TX","Nueces",2,2
"48357","TX","Ochiltree",7,11
"48359","TX","Oldham",8,7
"48361","TX","Orange",2,2
"48363","TX","Palo Pinto",6,3
"48365","TX","Panola",6,6
"48367","TX","Parker",1,1
"48369","TX","Parmer",7,9
"48371","TX","Pecos",7,11
"48373","TX","Polk",6,4
"48375","TX","Potter",3,2
"48377","TX","Presidio",7,11
"48379","TX","Rains",8,4
"48381","TX","Randall",3,2
"48383","TX","Reagan",6,6
"48385","TX","Real",9,10
"48387","TX","Red River",6,6
"48389","TX","Reeves",7,8
"48391","TX","Refugio",6,6
"48393","TX","Roberts",9,8
"48395","TX","Robertson",3,2
"48397","TX","Rockwall",1,1
"48399","TX","Runnels",6,6
"48401","TX","Rusk",3,2
"48403","TX","Sabine",9,12
"48405","TX","San Augustine",9,10
"48407","TX","San Jacinto",1,1
"48409","TX","San Patricio",2,2
"48411","TX","San Saba",7,9
"48413","TX","Schleicher",8,7
"48415","TX","Scurry",7,8
"48417","TX","Shackelford",8,7
"48419","TX","Shelby",6,6
"48421","TX","Sherman",9,10
"48423","TX","Smith",3,2
"48425","TX","Somervell",8,3
"48427","TX","Starr",4,5
"48429","TX","Stephens",7,11
"48431","TX","Sterling",8,7
"48433","TX","Stonewall",8,7
"48435","TX","Sutton",7,11
"48437","TX","Swisher",6,6
"48439","TX","Tarrant",1,1
"48441","TX","Taylor",3,2
"48443","TX","Terrell",9,10
"48445","TX","Terry",6,6
"48447","TX","Throckmorton",9,12
"48449","TX","Titus",7,8
"48451","TX","Tom Green",3,2
"48453","TX","Travis",1,1
"48455","TX","Trinity",8,4
"48457","TX","Tyler",6,7
"48459","TX","Upshur",3,2
"48461","TX","Upton",8,7
"48463","TX","Uvalde",7,8
"48465","TX","Val Verde",5,8
"48467","TX","Van Zandt",6,4
"48469","TX","Victoria",3,2
"48471","TX","Walker",4,3
"48473","TX","Waller",1,1
"48475","TX","Ward",6,6
"48477","TX","Washington",6,3
"48479","TX","Webb",3,2
"48481","TX","Wharton",4,3
"48483","TX","Wheeler",9,10
"48485","TX","Wichita",3,2
"48487","TX","Wilbarger",6,5
"48489","TX","Willacy",6,5
"48491","TX","Williamson",1,1
"48493","TX","Wilson",1,1
"48495","TX","Winkler",6,6
"48497","TX","Wise",1,1
"48499","TX","Wood",6,6
"48501","TX","Yoakum",7,9
"48503","TX","Young",6,6
"48505","TX","Zapata",6,6
"48507","TX","Zavala",7,9
"49001","UT","Beaver",9,10
"49003","UT","Box Elder",4,5
"49005","UT","Cache",3,2
"49007","UT","Carbon",7,8
"49009","UT","Daggett",8,7
"49011","UT","Davis",2,2
"49013","UT","Duchesne",6,6
"49015","UT","Emery",9,10
"49017","UT","Garfield",9,10
"49019","UT","Grand",7,11
"49021","UT","Iron",4,5
"49023","UT","Juab",2,2
"49025","UT","Kane",6,6
"49027","UT","Millard",7,11
"49029","UT","Morgan",2,2
"49031","UT","Piute",9,12
"49033","UT","Rich",8,7
"49035","UT","Salt Lake",2,2
"49037","UT","San Juan",7,11
"49039","UT","Sanpete",6,6
"49041","UT","Sevier",7,11
"49043","UT","Summit",2,2
"49045","UT","Tooele",2,2
"49047","UT","Uintah",7,8
"49049","UT","Utah",2,2
"49051","UT","Wasatch",6,6
"49053","UT","Washington",3,2
"49055","UT","Wayne",9,12
"49057","UT","Weber",2,2
"50001","VT","Addison",6,6
"50003","VT","Bennington",6,5
"50005","VT","Caledonia",7,9
"50007","VT","Chittenden",3,2
"50009","VT","Essex",9,8
"50011","VT","Franklin",3,2
"50013","VT","Grand Isle",3,2
"50015","VT","Lamoille",8,7
"50017","VT","Orange",9,8
"50019","VT","Orleans",7,11
"50021","VT","Rutland",5,8
"50023","VT","Washington",4,5
"50025","VT","Windham",6,6
"50027","VT","Windsor",7,8
"51001","VA","Accomack",7,9
"51003","VA","Albemarle",3,2
"51005","VA","Alleghany",6,6
"51007","VA","Amelia",1,1
"51009","VA","Amherst",3,2
"51011","VA","Appomattox",3,2
"51013","VA","Arlington",1,1
"51015","VA","Augusta",4,5
"51017","VA","Bath",9,10
"51019","VA","Bedford",3,2
"51021","VA","Bland",8,7
"51023","VA","Botetourt",2,2
"51025","VA","Brunswick",6,4
"51027","VA","Buchanan",9,10
"51029","VA","Buckingham",8,7
"51031","VA","Campbell",3,2
"51033","VA","Caroline",1,1
"51035","VA","Carroll",6,6
"51036","VA","Charles City",1,1
"51037","VA","Charlotte",8,7
"51041","VA","Chesterfield",1,1
"51043","VA","Clarke",1,1
"51045","VA","Craig",2,2
"51047","VA","Culpeper",6,4
"51049","VA","Cumberland",1,1
"51051","VA","Dickenson",9,12
"51053","VA","Dinwiddie",1,1
"51057","VA","Essex",8,4
"51059","VA","Fairfax",1,1
"51061","VA","Fauquier",1,1
"51063","VA","Floyd",8,7
"51065","VA","Fluvanna",3,2
"51067","VA","Franklin",2,2
"51069","VA","Frederick",3,2
"51071","VA","Giles",3,2
"51073","VA","Gloucester",1,1
"51075","VA","Goochland",1,1
"51077","VA","Grayson",9,12
"51079","VA","Greene",3,2
"51081","VA","Greensville",6,4
"51083","VA","Halifax",6,6
"51085","VA","Hanover",1,1
"51087","VA","Henrico",1,1
"51089","VA","Henry",4,5
"51091","VA","Highland",9,10
"51093","VA","Isle of Wight",1,1
"51095","VA","James City",1,1
"51097","VA","King and Queen",1,1
"51099","VA","King George",8,4
"51101","VA","King William",1,1
"51103","VA","Lancaster",9,12
"51105","VA","Lee",8,7
"51107","VA","Loudoun",1,1
"51109","VA","Louisa",1,1
"51111","VA","Lunenburg",9,12
"51113","VA","Madison",8,7
"51115","VA","Mathews",1,1
"51117","VA","Mecklenburg",7,11
"51119","VA","Middlesex",8,4
"51121","VA","Montgomery",3,2
"51125","VA","Nelson",3,2
"51127","VA","New Kent",1,1
"51131","VA","Northampton",9,12
"51133","VA","Northumberland",9,12
"51135","VA","Nottoway",6,4
"51137","VA","Orange",6,4
"51139","VA","Page",6,6
"51141","VA","Patrick",8,7
"51143","VA","Pittsylvania",3,2
"51145","VA","Powhatan",1,1
"51147","VA","Prince Edward",6,4
"51149","VA","Prince George",1,1
"51153","VA","Prince William",1,1
"51155","VA","Pulaski",3,2
"51157","VA","Rappahannock",8,4
"51159","VA","Richmond",9,12
"51161","VA","Roanoke",2,2
"51163","VA","Rockbridge",6,6
"51165","VA","Rockingham",3,2
"51167","VA","Russell",6,6
"51169","VA","Scott",3,2
"51171","VA","Shenandoah",6,6
"51173","VA","Smyth",6,6
"51175","VA","Southampton",6,4
"51177","VA","Spotsylvania",1,1
"51179","VA","Stafford",1,1
"51181","VA","Surry",1,1
"51183","VA","Sussex",1,1
"51185","VA","Tazewell",7,8
"51187","VA","Warren",1,1
"51191","VA","Washington",3,2
"51193","VA","Westmoreland",7,11
"51195","VA","Wise",7,11
"51197","VA","Wythe",6,6
"51199","VA","York",1,1
"51510","VA","Alexandr",1,1
"51520","VA","Brist",3,2
"51530","VA","Buena Vis",6,6
"51540","VA","Charlottesvil",3,2
"51550","VA","Chesapea",1,1
"51570","VA","Colonial Heigh",1,1
"51580","VA","Covingt",6,6
"51590","VA","Danvil",3,2
"51595","VA","Empor",6,4
"51600","VA","Fairf",1,1
"51610","VA","Falls Chur",1,1
"51620","VA","Frankl",6,4
"51630","VA","Fredericksbu",1,1
"51640","VA","Gal",6,6
"51650","VA","Hampt",1,1
"51660","VA","Harrisonbu",3,2
"51670","VA","Hopewe",1,1
"51678","VA","Lexingt",6,6
"51680","VA","Lynchbu",3,2
"51683","VA","Manass",1,1
"51685","VA","Manassas Pa",1,1
"51690","VA","Martinsvil",4,5
"51700","VA","Newport Ne",1,1
"51710","VA","Norfo",1,1
"51720","VA","Nort",7,11
"51730","VA","Petersbu",1,1
"51735","VA","Poquos",1,1
"51740","VA","Portsmou",1,1
"51750","VA","Radfo",3,2
"51760","VA","Richmo",1,1
"51770","VA","Roano",2,2
"51775","VA","Sal",2,2
"51790","VA","Staunt",4,5
"51800","VA","Suffo",1,1
"51810","VA","Virginia Bea",1,1
"51820","VA","Waynesbo",4,5
"51830","VA","Williamsbu",1,1
"51840","VA","Winchest",3,2
"53001","WA","Adams",6,6
"53003","WA","Asotin",3,2
"53005","WA","Benton",3,2
"53007","WA","Chelan",3,2
"53009","WA","Clallam",5,8
"53011","WA","Clark",1,1
"53013","WA","Columbia",6,6
"53015","WA","Cowlitz",3,2
"53017","WA","Douglas",3,2
"53019","WA","Ferry",9,12
"53021","WA","Franklin",3,2
"53023","WA","Garfield",8,7
"53025","WA","Grant",4,5
"53027","WA","Grays Harbor",4,5
"53029","WA","Island",4,3
"53031","WA","Jefferson",6,6
"53033","WA","King",1,1
"53035","WA","Kitsap",3,2
"53037","WA","Kittitas",6,3
"53039","WA","Klickitat",6,6
"53041","WA","Lewis",4,5
"53043","WA","Lincoln",8,7
"53045","WA","Mason",6,5
"53047","WA","Okanogan",6,6
"53049","WA","Pacific",7,9
"53051","WA","Pend Oreille",8,7
"53053","WA","Pierce",1,1
"53055","WA","San Juan",9,12
"53057","WA","Skagit",3,2
"53059","WA","Skamania",1,1
"53061","WA","Snohomish",1,1
"53063","WA","Spokane",2,2
"53065","WA","Stevens",6,6
"53067","WA","Thurston",3,2
"53069","WA","Wahkiakum",8,7
"53071","WA","Walla Walla",4,5
"53073","WA","Whatcom",3,2
"53075","WA","Whitman",4,5
"53077","WA","Yakima",3,2
"54001","WV","Barbour",7,9
"54003","WV","Berkeley",3,2
"54005","WV","Boone",2,2
"54007","WV","Braxton",8,7
"54009","WV","Brooke",3,2
"54011","WV","Cabell",2,2
"54013","WV","Calhoun",8,7
"54015","WV","Clay",2,2
"54017","WV","Doddridge",9,8
"54019","WV","Fayette",6,5
"54021","WV","Gilmer",9,12
"54023","WV","Grant",6,7
"54025","WV","Greenbrier",7,11
"54027","WV","Hampshire",3,2
"54029","WV","Hancock",3,2
"54031","WV","Hardy",8,7
"54033","WV","Harrison",5,8
"54035","WV","Jackson",6,6
"54037","WV","Jefferson",1,1
"54039","WV","Kanawha",2,2
"54041","WV","Lewis",7,9
"54043","WV","Lincoln",2,2
"54045","WV","Logan",6,6
"54047","WV","McDowell",7,9
"54049","WV","Marion",4,5
"54051","WV","Marshall",3,2
"54053","WV","Mason",6,5
"54055","WV","Mercer",5,8
"54057","WV","Mineral",3,2
"54059","WV","Mingo",6,6
"54061","WV","Monongalia",3,2
"54063","WV","Monroe",8,7
"54065","WV","Morgan",3,2
"54067","WV","Nicholas",6,6
"54069","WV","Ohio",3,2
"54071","WV","Pendleton",8,7
"54073","WV","Pleasants",3,2
"54075","WV","Pocahontas",9,12
"54077","WV","Preston",3,2
"54079","WV","Putnam",2,2
"54081","WV","Raleigh",4,5
"54083","WV","Randolph",7,11
"54085","WV","Ritchie",8,7
"54087","WV","Roane",6,7
"54089","WV","Summers",7,9
"54091","WV","Taylor",6,5
"54093","WV","Tucker",9,12
"54095","WV","Tyler",6,6
"54097","WV","Upshur",7,9
"54099","WV","Wayne",2,2
"54101","WV","Webster",9,12
"54103","WV","Wetzel",6,6
"54105","WV","Wirt",3,2
"54107","WV","Wood",3,2
"54109","WV","Wyoming",7,10
"55001","WI","Adams",8,7
"55003","WI","Ashland",7,11
"55005","WI","Barron",6,6
"55007","WI","Bayfield",8,7
"55009","WI","Brown",2,2
"55011","WI","Buffalo",8,6
"55013","WI","Burnett",8,4
"55015","WI","Calumet",3,2
"55017","WI","Chippewa",3,2
"55019","WI","Clark",8,6
"55021","WI","Columbia",2,2
"55023","WI","Crawford",7,9
"55025","WI","Dane",2,2
"55027","WI","Dodge",4,3
"55029","WI","Door",6,6
"55031","WI","Douglas",2,2
"55033","WI","Dunn",6,5
"55035","WI","Eau Claire",3,2
"55037","WI","Florence",9,8
"55039","WI","Fond du Lac",3,2
"55041","WI","Forest",9,10
"55043","WI","Grant",6,5
"55045","WI","Green",6,5
"55047","WI","Green Lake",6,6
"55049","WI","Iowa",2,2
"55051","WI","Iron",9,12
"55053","WI","Jackson",6,6
"55055","WI","Jefferson",4,3
"55057","WI","Juneau",7,9
"55059","WI","Kenosha",1,1
"55061","WI","Kewaunee",2,2
"55063","WI","La Crosse",3,2
"55065","WI","Lafayette",8,7
"55067","WI","Langlade",6,6
"55069","WI","Lincoln",6,5
"55071","WI","Manitowoc",4,5
"55073","WI","Marathon",3,2
"55075","WI","Marinette",6,5
"55077","WI","Marquette",8,7
"55078","WI","Menominee",8,7
"55079","WI","Milwaukee",1,1
"55081","WI","Monroe",6,6
"55083","WI","Oconto",2,2
"55085","WI","Oneida",7,9
"55087","WI","Outagamie",3,2
"55089","WI","Ozaukee",1,1
"55091","WI","Pepin",8,7
"55093","WI","Pierce",1,1
"55095","WI","Polk",6,4
"55097","WI","Portage",4,5
"55099","WI","Price",9,11
"55101","WI","Racine",3,2
"55103","WI","Richland",6,6
"55105","WI","Rock",3,2
"55107","WI","Rusk",6,6
"55109","WI","St. Croix",1,1
"55111","WI","Sauk",4,5
"55113","WI","Sawyer",9,12
"55115","WI","Shawano",6,6
"55117","WI","Sheboygan",3,2
"55119","WI","Taylor",6,6
"55121","WI","Trempealeau",8,7
"55123","WI","Vernon",6,6
"55125","WI","Vilas",9,12
"55127","WI","Walworth",4,3
"55129","WI","Washburn",6,6
"55131","WI","Washington",1,1
"55133","WI","Waukesha",1,1
"55135","WI","Waupaca",6,6
"55137","WI","Waushara",8,6
"55139","WI","Winnebago",3,2
"55141","WI","Wood",4,5
"56001","WY","Albany",4,5
"56003","WY","Big Horn",9,12
"56005","WY","Campbell",5,8
"56007","WY","Carbon",7,9
"56009","WY","Converse",6,6
"56011","WY","Crook",9,10
"56013","WY","Fremont",7,8
"56015","WY","Goshen",7,9
"56017","WY","Hot Springs",7,9
"56019","WY","Johnson",7,9
"56021","WY","Laramie",3,2
"56023","WY","Lincoln",7,9
"56025","WY","Natrona",3,2
"56027","WY","Niobrara",9,12
"56029","WY","Park",7,11
"56031","WY","Platte",7,11
"56033","WY","Sheridan",7,8
"56035","WY","Sublette",9,10
"56037","WY","Sweetwater",5,8
"56039","WY","Teton",7,8
"56041","WY","Uinta",7,8
"56043","WY","Washakie",7,11
"56045","WY","Weston",7,9
